"id","text","createTime","authorMeta.id","authorMeta.name","authorMeta.nickName","authorMeta.following","authorMeta.fans","authorMeta.heart","authorMeta.video","authorMeta.digg","authorMeta.verified","authorMeta.private","authorMeta.signature","authorMeta.avatar","musicMeta.musicId","musicMeta.musicName","musicMeta.musicAuthor","musicMeta.musicOriginal","musicMeta.playUrl","covers.default","covers.origin","covers.dynamic","imageUrl","webVideoUrl","videoUrl","videoUrlNoWaterMark","videoMeta.width","videoMeta.height","videoMeta.ratio","videoMeta.duration","diggCount","shareCount","playCount","commentCount","downloaded","mentions","hashtags"
"6822907093947862277","Doing some shoutoutsğŸ’• @sexchoessss @goldrushtv #foryou #foryoupage #fyp #duet #viral #viralvideo #joshrichards","1588581852","6762910824015397894","anthonyreevess","call me anfony",101,798,"2942",34,1822,false,false,"ğ‘¦ğ‘œğ‘¢ ğ‘ğ‘Ÿğ‘’ ğ‘™ğ‘œğ‘£ğ‘’ğ‘‘
ğ‘Ÿğ‘œğ‘™ğ‘’ ğ‘ğ‘™ğ‘ğ‘¦ ğ‘ğ‘ğ‘ğ‘œğ‘¢ğ‘›ğ‘¡","https://p16-va-default.akamaized.net/img/musically-maliva-obj/1665748807455750~c5_720x720.jpeg","6822906990721895174","original sound","anthonyreevess",true,"https://p16.muscdn.com/obj/musically-maliva-obj/3259f14f81c7ff3b30facc399a3269ca.mp3","https://p16-musical-va.ibyteimg.com/obj/tos-maliva-p-0068/25948acbc22a4df0a59254014522aa55?x-expires=1589770800&x-signature=%2FIkSboCP3fTA21mZ0FdypU%2Fzd98%3D","https://p16-musical-va.ibyteimg.com/obj/tos-maliva-p-0068/b73f75d2cb1b40579bbc73283ae5fee9_1588581854?x-expires=1589770800&x-signature=JYBzYyE9hMr8TPnd3uDuLr0fSdw%3D","https://p16-musical-va.ibyteimg.com/obj/tos-maliva-p-0068/508ebbacbe8a45228059291649462018_1588581855?x-expires=1589770800&x-signature=8XZlhd%2BIis403Kdk3Me2UZosHgc%3D","https://p16-musical-va.ibyteimg.com/obj/tos-maliva-p-0068/b73f75d2cb1b40579bbc73283ae5fee9_1588581854?x-expires=1589770800&x-signature=JYBzYyE9hMr8TPnd3uDuLr0fSdw%3D","https://www.tiktok.com/@anthonyreevess/video/6822907093947862277","https://v16.muscdn.com/12447b0009fe57fe53fac7db4b77b5bc/5ec204fe/video/tos/useast2a/tos-useast2a-ve-0068c001/fc6a27591fb249e48006856e23738f93/?a=1233&br=2158&bt=1079&cr=0&cs=0&dr=0&ds=3&er=&l=2020051721455801018803216840387153&lr=tiktok_m&qs=0&rc=anBpZDozaW93dDMzOjczM0ApOWlpZmQ5OWQ1N2Y5ZzRkZWdvbWFtYTZjX2tfLS01MTZzcy5hLl9jXjIyMTBfLjU1YGA6Yw%3D%3D&vl=&vr=","",540,960,8,8,58,0,858,5,false,"[""@sexchoessss"",""@goldrushtv""]","[{""id"":""42164"",""name"":""foryou"",""title"":"""",""cover"":[]},{""id"":""88764338"",""name"":""foryoupage"",""title"":"""",""cover"":[]},{""id"":""229207"",""name"":""fyp"",""title"":"""",""cover"":[]},{""id"":""30496"",""name"":""duet"",""title"":""Use our Duet feature because two is always better than one."",""cover"":[]},{""id"":""20884"",""name"":""viral"",""title"":"""",""cover"":[]},{""id"":""85133"",""name"":""viralvideo"",""title"":"""",""cover"":[]},{""id"":""19966665"",""name"":""joshrichards"",""title"":"""",""cover"":[]}]"
"6821068867129838853","#foryou #foryoupage #luvantony #luvantony #pov #povs #greenscreen #roleplay #makemefakous","1588153856","6762910824015397894","anthonyreevess","call me anfony",101,798,"2942",34,1822,false,false,"ğ‘¦ğ‘œğ‘¢ ğ‘ğ‘Ÿğ‘’ ğ‘™ğ‘œğ‘£ğ‘’ğ‘‘
ğ‘Ÿğ‘œğ‘™ğ‘’ ğ‘ğ‘™ğ‘ğ‘¦ ğ‘ğ‘ğ‘ğ‘œğ‘¢ğ‘›ğ‘¡","https://p16-va-default.akamaized.net/img/musically-maliva-obj/1665748807455750~c5_720x720.jpeg","6821068793037572869","original sound","anthonyreevess",true,"https://p16.muscdn.com/obj/musically-maliva-obj/92ab04e8749e49bf97a9bfc06f625ba5.mp3","https://p16-musical-va.ibyteimg.com/obj/tos-maliva-p-0068/bf0db9722f754858bb98a24d75226b2d?x-expires=1589770800&x-signature=TKEaxYj7pLwNxld91wyaRvj9NlI%3D","https://p16-musical-va.ibyteimg.com/obj/tos-maliva-p-0068/6614d4e8981e446d856937dc8f197a7f_1588153858?x-expires=1589770800&x-signature=%2F0%2FC1PsEDvsUJjBj5h54Cy59%2Buk%3D","https://p16-musical-va.ibyteimg.com/obj/tos-maliva-p-0068/4c07457d66f748cab49da24e6a5e8475_1588153858?x-expires=1589770800&x-signature=5dQWfqJ%2FIFHjc7kHu6dENefZy1M%3D","https://p16-musical-va.ibyteimg.com/obj/tos-maliva-p-0068/6614d4e8981e446d856937dc8f197a7f_1588153858?x-expires=1589770800&x-signature=%2F0%2FC1PsEDvsUJjBj5h54Cy59%2Buk%3D","https://www.tiktok.com/@anthonyreevess/video/6821068867129838853","https://v16.muscdn.com/5678dbcff9b407e57fa78b340ead54ed/5ec20500/video/tos/useast2a/tos-useast2a-ve-0068c004/2ccf6caecc144c1284eae873f1b1c357/?a=1233&br=2190&bt=1095&cr=0&cs=0&dr=0&ds=3&er=&l=2020051721455801018803216840387153&lr=tiktok_m&qs=0&rc=MzNveHBrN3dudDMzODczM0ApNTszOTU4NjwzNzM8NDhpOGdnNmYtMHJtb2hfLS0xMTZzcy4xMjMzNC8yLS00Xy01NC06Yw%3D%3D&vl=&vr=","",540,960,10,10,84,2,1048,7,false,"[]","[{""id"":""42164"",""name"":""foryou"",""title"":"""",""cover"":[]},{""id"":""88764338"",""name"":""foryoupage"",""title"":"""",""cover"":[]},{""id"":""1615325107332102"",""name"":""luvantony"",""title"":"""",""cover"":[]},{""id"":""180049"",""name"":""pov"",""title"":""Is this what we really look like??? Show us what life looks like when the tables are turned with #POV."",""cover"":[""https://p16-va-default.akamaized.net/obj/musically-maliva-obj/1632487505818629.PNG""]},{""id"":""11991770"",""name"":""povs"",""title"":"""",""cover"":[]},{""id"":""801886"",""name"":""greenscreen"",""title"":""Try out our new #GreenScreen Creative Effect! Just pick an image from your camera roll, stand in front of a plain background, and make the next TikTok masterpiece."",""cover"":[""https://p16-va-default.akamaized.net/obj/musically-maliva-obj/0eed42cd4bfb738d46d0caefa162a585""]},{""id"":""69542"",""name"":""roleplay"",""title"":"""",""cover"":[]},{""id"":""85888720"",""name"":""makemefakous"",""title"":"""",""cover"":[]}]"
"6815520326194040070","#fyp #foryoupage #fÃ¼rdich #aesthetics #tumblr #fyp #luvanthony","1586861986","6762910824015397894","anthonyreevess","call me anfony",101,798,"2942",34,1822,false,false,"ğ‘¦ğ‘œğ‘¢ ğ‘ğ‘Ÿğ‘’ ğ‘™ğ‘œğ‘£ğ‘’ğ‘‘
ğ‘Ÿğ‘œğ‘™ğ‘’ ğ‘ğ‘™ğ‘ğ‘¦ ğ‘ğ‘ğ‘ğ‘œğ‘¢ğ‘›ğ‘¡","https://p16-va-default.akamaized.net/img/musically-maliva-obj/1665748807455750~c5_720x720.jpeg","6815509977453693701","original sound","anthonyreevess",true,"https://p16.muscdn.com/obj/musically-maliva-obj/1663944204047381.mp3","https://p16-musical-va.ibyteimg.com/obj/tos-maliva-p-0068/4974a3f6c8a1433ea05bad29782d7c16_1586861991?x-expires=1589770800&x-signature=qo%2BYy0kbkvv7oBrn3kfGHZR5fd0%3D","https://p16-musical-va.ibyteimg.com/obj/tos-maliva-p-0068/5ed15e7df1c24959af85275a7e328c1e_1586861991?x-expires=1589770800&x-signature=FIcWJfeIWTKMwNDs5q9noQq8x5g%3D","https://p16-musical-va.ibyteimg.com/obj/tos-maliva-p-0068/4eb65a1de4c14333a4e47c7c1e317921_1586861992?x-expires=1589770800&x-signature=J%2FAK9kaDpNOu%2F7Fu4IqO%2FmLfYl0%3D","https://p16-musical-va.ibyteimg.com/obj/tos-maliva-p-0068/5ed15e7df1c24959af85275a7e328c1e_1586861991?x-expires=1589770800&x-signature=FIcWJfeIWTKMwNDs5q9noQq8x5g%3D","https://www.tiktok.com/@anthonyreevess/video/6815520326194040070","https://v16.muscdn.com/4e33507324b0ca16292b31a21d7849dc/5ec20505/video/tos/useast2a/tos-useast2a-ve-0068c002/90dc6181d4484e7c8d95fa19fea49012/?a=1233&br=1436&bt=718&cr=0&cs=0&dr=0&ds=3&er=&l=2020051721455801018803216840387153&lr=tiktok_m&qs=0&rc=ajxzamZsOjlzdDMzZDczM0ApPDs2OWg0OjxlNzw7ZGQ4aGdgMzRkNGEtY15fLS01MTZzc2AwYS5fLzM0YS42MmI2YDM6Yw%3D%3D&vl=&vr=","",540,960,15,15,86,2,1462,1,false,"[]","[{""id"":""229207"",""name"":""fyp"",""title"":"""",""cover"":[]},{""id"":""88764338"",""name"":""foryoupage"",""title"":"""",""cover"":[]},{""id"":""5457735"",""name"":""fÃ¼rdich"",""title"":""Ein Song der nie vergeht!\n\nMacht mit beim neuen Remix von @diemai ğŸ˜  \nEinfach ein Duett machen zur aktuellen Single &amp;amp;amp;amp;amp;amp;amp;amp;amp;quot;FÃ¼r Dich&amp;amp;amp;amp;amp;amp;amp;amp;amp;quot; und ein live.ly Meet&amp;amp;amp;amp;amp;amp;amp;amp;amp;amp;Greet mit Vanessa Mai gewinnen ğŸ”¥"",""cover"":[]},{""id"":""47079"",""name"":""aesthetics"",""title"":"""",""cover"":[]},{""id"":""7783"",""name"":""tumblr"",""title"":"""",""cover"":[]},{""id"":""1606370073063429"",""name"":""luvanthony"",""title"":"""",""cover"":[]}]"
"6815520114360831237","#fyp #foryoupage #sad #sadsong #sadlife #luvanthony #luvantony #anfony #hypehouse #swayhouse","1586861936","6762910824015397894","anthonyreevess","call me anfony",101,798,"2942",34,1822,false,false,"ğ‘¦ğ‘œğ‘¢ ğ‘ğ‘Ÿğ‘’ ğ‘™ğ‘œğ‘£ğ‘’ğ‘‘
ğ‘Ÿğ‘œğ‘™ğ‘’ ğ‘ğ‘™ğ‘ğ‘¦ ğ‘ğ‘ğ‘ğ‘œğ‘¢ğ‘›ğ‘¡","https://p16-va-default.akamaized.net/img/musically-maliva-obj/1665748807455750~c5_720x720.jpeg","6815512138786802438","original sound","anthonyreevess",true,"https://p16.muscdn.com/obj/musically-maliva-obj/1663944008871941.mp3","https://p16-musical-va.ibyteimg.com/obj/tos-maliva-p-0068/1a0b9dc7d3074133aa1228a7bde4596d_1586861943?x-expires=1589770800&x-signature=mhMbs1ipawwRo576wEsi5sZMIMY%3D","https://p16-musical-va.ibyteimg.com/obj/tos-maliva-p-0068/f682cef8559041eabfd10bfa2cf3cbfa_1586861943?x-expires=1589770800&x-signature=l2%2FiFdUcSzE3x23gHizPpjKBOO8%3D","https://p16-musical-va.ibyteimg.com/obj/tos-maliva-p-0068/d585cd32acd84713ad7109d0f9aed7d5_1586861944?x-expires=1589770800&x-signature=%2Bp6DaIo%2BR4%2Fl3gD%2FpwnjMPXd4As%3D","https://p16-musical-va.ibyteimg.com/obj/tos-maliva-p-0068/f682cef8559041eabfd10bfa2cf3cbfa_1586861943?x-expires=1589770800&x-signature=l2%2FiFdUcSzE3x23gHizPpjKBOO8%3D","https://www.tiktok.com/@anthonyreevess/video/6815520114360831237","https://v16.muscdn.com/1d97f8c8abbf082b098f20779f862da1/5ec2050d/video/tos/useast2a/tos-useast2a-ve-0068c001/13364a706c87448e9783cb94e8d8a3f5/?a=1233&br=754&bt=377&cr=0&cs=0&dr=0&ds=3&er=&l=2020051721455801018803216840387153&lr=tiktok_m&qs=0&rc=Mzk6Omx1d3RzdDMzZDczM0ApZ2VkOzczZTw1NzloODs8ZWdxMGRfay0xYl5fLS01MTZzczRhXmBeYTEzNDYzNTUyYjE6Yw%3D%3D&vl=&vr=","",540,960,23,23,49,0,947,4,false,"[]","[{""id"":""229207"",""name"":""fyp"",""title"":"""",""cover"":[]},{""id"":""88764338"",""name"":""foryoupage"",""title"":"""",""cover"":[]},{""id"":""5927"",""name"":""sad"",""title"":"""",""cover"":[]},{""id"":""22225"",""name"":""sadsong"",""title"":"""",""cover"":[]},{""id"":""127536"",""name"":""sadlife"",""title"":"""",""cover"":[]},{""id"":""1606370073063429"",""name"":""luvanthony"",""title"":"""",""cover"":[]},{""id"":""1615325107332102"",""name"":""luvantony"",""title"":"""",""cover"":[]},{""id"":""1644411597225989"",""name"":""anfony"",""title"":"""",""cover"":[]},{""id"":""23453748"",""name"":""hypehouse"",""title"":"""",""cover"":[]},{""id"":""1654940747748357"",""name"":""swayhouse"",""title"":"""",""cover"":[]}]"
"6815519883481107718","#fyp #foryoupage #luvanthony #luvanthony #roleplay #fan #swayhouse #charlidamelio","1586861883","6762910824015397894","anthonyreevess","call me anfony",101,798,"2942",34,1822,false,false,"ğ‘¦ğ‘œğ‘¢ ğ‘ğ‘Ÿğ‘’ ğ‘™ğ‘œğ‘£ğ‘’ğ‘‘
ğ‘Ÿğ‘œğ‘™ğ‘’ ğ‘ğ‘™ğ‘ğ‘¦ ğ‘ğ‘ğ‘ğ‘œğ‘¢ğ‘›ğ‘¡","https://p16-va-default.akamaized.net/img/musically-maliva-obj/1665748807455750~c5_720x720.jpeg","6815509411763669765","original sound","anthonyreevess",true,"https://p16.muscdn.com/obj/musically-maliva-obj/1663943322204197.mp3","https://p16-musical-va.ibyteimg.com/obj/tos-maliva-p-0068/206469fefd70464fb21f92424a235863_1586861889?x-expires=1589770800&x-signature=COa8Hof7BllfmgDIbCoSOvtOuns%3D","https://p16-musical-va.ibyteimg.com/obj/tos-maliva-p-0068/02d98bece0e14b898544843dbda22f27_1586861889?x-expires=1589770800&x-signature=y0WSYTAIcTktkKcubOnuEA7pZ5s%3D","https://p16-musical-va.ibyteimg.com/obj/tos-maliva-p-0068/ade8a16aebcf468ba9f80a539f380a5a_1586861890?x-expires=1589770800&x-signature=Pm75Az8gnP7FOqe%2FheS0af5MtRc%3D","https://p16-musical-va.ibyteimg.com/obj/tos-maliva-p-0068/02d98bece0e14b898544843dbda22f27_1586861889?x-expires=1589770800&x-signature=y0WSYTAIcTktkKcubOnuEA7pZ5s%3D","https://www.tiktok.com/@anthonyreevess/video/6815519883481107718","https://v16.muscdn.com/37746ac211e216b23f6548ae4cc6cb77/5ec20505/video/tos/useast2a/tos-useast2a-ve-0068c003/ed71949c2a854a5c872efd7fe1c4919d/?a=1233&br=1506&bt=753&cr=0&cs=0&dr=0&ds=3&er=&l=2020051721455801018803216840387153&lr=tiktok_m&qs=0&rc=anM8bWtwNmZzdDMzZzczM0ApODtnODo3Njw7NzUzZGY3aWdhYS9kZG8tYl5fLS1jMTZzczQvY15jLTM0NmJhMDUyMWE6Yw%3D%3D&vl=&vr=","",540,960,15,15,53,0,780,2,false,"[]","[{""id"":""229207"",""name"":""fyp"",""title"":"""",""cover"":[]},{""id"":""88764338"",""name"":""foryoupage"",""title"":"""",""cover"":[]},{""id"":""1606370073063429"",""name"":""luvanthony"",""title"":"""",""cover"":[]},{""id"":""69542"",""name"":""roleplay"",""title"":"""",""cover"":[]},{""id"":""20531"",""name"":""fan"",""title"":"""",""cover"":[]},{""id"":""1654940747748357"",""name"":""swayhouse"",""title"":"""",""cover"":[]},{""id"":""2525872"",""name"":""charlidamelio"",""title"":"""",""cover"":[]}]"
"6815519450176032006","#fyp #foryoupage #anthonyreeves #luvanthony #hypehouse #swayhouse #theswayla #roleplay #fan #charlidamelio #dixiedamelio","1586861782","6762910824015397894","anthonyreevess","call me anfony",101,798,"2942",34,1822,false,false,"ğ‘¦ğ‘œğ‘¢ ğ‘ğ‘Ÿğ‘’ ğ‘™ğ‘œğ‘£ğ‘’ğ‘‘
ğ‘Ÿğ‘œğ‘™ğ‘’ ğ‘ğ‘™ğ‘ğ‘¦ ğ‘ğ‘ğ‘ğ‘œğ‘¢ğ‘›ğ‘¡","https://p16-va-default.akamaized.net/img/musically-maliva-obj/1665748807455750~c5_720x720.jpeg","6815509565279324933","original sound","anthonyreevess",true,"https://p16.muscdn.com/obj/musically-maliva-obj/1663943313058837.mp3","https://p16-musical-va.ibyteimg.com/obj/tos-maliva-p-0068/3644f555ce51453e8408f36c9ab3877c_1586861788?x-expires=1589770800&x-signature=7F2FHG5Rzd6IJHTkxNPjijGGNoM%3D","https://p16-musical-va.ibyteimg.com/obj/tos-maliva-p-0068/93d5f98459df431e918a31fd73975d7b_1586861788?x-expires=1589770800&x-signature=O13xnor25Oh0TGsBgFBs3xeL9aY%3D","https://p16-musical-va.ibyteimg.com/obj/tos-maliva-p-0068/d9ced2a042794544a7acd2591bb591c7_1586861788?x-expires=1589770800&x-signature=RcIW5YlnvFTl8Gm9%2BzGOEZ1Y5pU%3D","https://p16-musical-va.ibyteimg.com/obj/tos-maliva-p-0068/93d5f98459df431e918a31fd73975d7b_1586861788?x-expires=1589770800&x-signature=O13xnor25Oh0TGsBgFBs3xeL9aY%3D","https://www.tiktok.com/@anthonyreevess/video/6815519450176032006","https://v16.muscdn.com/450ac7b16d44bb0b64cb6f537b51b53c/5ec20505/video/tos/useast2a/tos-useast2a-ve-0068c003/07dc866509694068adaa74cd877ce09a/?a=1233&br=2164&bt=1082&cr=0&cs=0&dr=0&ds=3&er=&l=2020051721455801018803216840387153&lr=tiktok_m&qs=0&rc=MzhnZTZveG1zdDMzZDczM0ApZzRkPGQ8ZmUzN2ZpOjs5NmcxaGJtY25uYV5fLS01MTZzcy1iXjRiMzMuYy01NDYtYTQ6Yw%3D%3D&vl=&vr=","",540,960,15,15,56,5,812,1,false,"[]","[{""id"":""229207"",""name"":""fyp"",""title"":"""",""cover"":[]},{""id"":""88764338"",""name"":""foryoupage"",""title"":"""",""cover"":[]},{""id"":""74367378"",""name"":""anthonyreeves"",""title"":"""",""cover"":[]},{""id"":""1606370073063429"",""name"":""luvanthony"",""title"":"""",""cover"":[]},{""id"":""23453748"",""name"":""hypehouse"",""title"":"""",""cover"":[]},{""id"":""1654940747748357"",""name"":""swayhouse"",""title"":"""",""cover"":[]},{""id"":""1654987990275077"",""name"":""theswayla"",""title"":"""",""cover"":[]},{""id"":""69542"",""name"":""roleplay"",""title"":"""",""cover"":[]},{""id"":""20531"",""name"":""fan"",""title"":"""",""cover"":[]},{""id"":""2525872"",""name"":""charlidamelio"",""title"":"""",""cover"":[]},{""id"":""1648843959776261"",""name"":""dixiedamelio"",""title"":"""",""cover"":[]}]"
"6815518900499909894","#fyp #foryoupage #anthonyreeves #anfony #luvanthony #roleplay #fan #charlidamelio #hypehouse #swayhouse","1586861654","6762910824015397894","anthonyreevess","call me anfony",101,798,"2942",34,1822,false,false,"ğ‘¦ğ‘œğ‘¢ ğ‘ğ‘Ÿğ‘’ ğ‘™ğ‘œğ‘£ğ‘’ğ‘‘
ğ‘Ÿğ‘œğ‘™ğ‘’ ğ‘ğ‘™ğ‘ğ‘¦ ğ‘ğ‘ğ‘ğ‘œğ‘¢ğ‘›ğ‘¡","https://p16-va-default.akamaized.net/img/musically-maliva-obj/1665748807455750~c5_720x720.jpeg","6815509783278406406","original sound","anthonyreevess",true,"https://p16.muscdn.com/obj/musically-maliva-obj/1663943561317398.mp3","https://p16-musical-va.ibyteimg.com/obj/tos-maliva-p-0068/d577a78e51b94cdab67e9070f91c33fe_1586861658?x-expires=1589770800&x-signature=O9w7pv0eO%2BTIy3tFJttTZxMBaWs%3D","https://p16-musical-va.ibyteimg.com/obj/tos-maliva-p-0068/cc5b9defed344940a22ba78e183b0c25_1586861658?x-expires=1589770800&x-signature=Wp9FeDbcZNHNcD1A9DK5NiuhlIM%3D","https://p16-musical-va.ibyteimg.com/obj/tos-maliva-p-0068/c30259df8a964bcdbeecdb930181c041_1586861658?x-expires=1589770800&x-signature=9Uv6uZS54mqJdEaIHJOf7%2B%2FEsjo%3D","https://p16-musical-va.ibyteimg.com/obj/tos-maliva-p-0068/cc5b9defed344940a22ba78e183b0c25_1586861658?x-expires=1589770800&x-signature=Wp9FeDbcZNHNcD1A9DK5NiuhlIM%3D","https://www.tiktok.com/@anthonyreevess/video/6815518900499909894","https://v16.muscdn.com/f05983daef5071e1429d944925a5bc21/5ec20504/video/tos/useast2a/tos-useast2a-pve-0068/2633cf58e6f44496a8912ea5d4fd8b32/?a=1233&br=2324&bt=1162&cr=0&cs=0&dr=0&ds=3&er=&l=2020051721455801018803216840387153&lr=tiktok_m&qs=0&rc=ajdxNWZ1ZGxzdDMzaTczM0ApZGQ3OmlnZ2RkN2hkNzloNGdscDAyZTZqYF5fLS0xMTZzc14wNDAuYmBiNl4yXi4yYTY6Yw%3D%3D&vl=&vr=","",540,960,14,14,41,0,461,0,false,"[]","[{""id"":""229207"",""name"":""fyp"",""title"":"""",""cover"":[]},{""id"":""88764338"",""name"":""foryoupage"",""title"":"""",""cover"":[]},{""id"":""74367378"",""name"":""anthonyreeves"",""title"":"""",""cover"":[]},{""id"":""1644411597225989"",""name"":""anfony"",""title"":"""",""cover"":[]},{""id"":""1606370073063429"",""name"":""luvanthony"",""title"":"""",""cover"":[]},{""id"":""69542"",""name"":""roleplay"",""title"":"""",""cover"":[]},{""id"":""20531"",""name"":""fan"",""title"":"""",""cover"":[]},{""id"":""2525872"",""name"":""charlidamelio"",""title"":"""",""cover"":[]},{""id"":""23453748"",""name"":""hypehouse"",""title"":"""",""cover"":[]},{""id"":""1654940747748357"",""name"":""swayhouse"",""title"":"""",""cover"":[]}]"
"6805511682337606917","#fyp #foryoupage #tiktok #anthony #anthonyreeves #joshrichards","1584531667","6762910824015397894","anthonyreevess","call me anfony",101,798,"2942",34,1822,false,false,"ğ‘¦ğ‘œğ‘¢ ğ‘ğ‘Ÿğ‘’ ğ‘™ğ‘œğ‘£ğ‘’ğ‘‘
ğ‘Ÿğ‘œğ‘™ğ‘’ ğ‘ğ‘™ğ‘ğ‘¦ ğ‘ğ‘ğ‘ğ‘œğ‘¢ğ‘›ğ‘¡","https://p16-va-default.akamaized.net/img/musically-maliva-obj/1665748807455750~c5_720x720.jpeg","6805501074494049030","original sound","anthonyreevess",true,"https://p16.muscdn.com/obj/musically-maliva-obj/1661499225418774.mp3","https://p16-musical-va.ibyteimg.com/obj/tos-maliva-p-0068/26fbc2ce8c064949a860a4f8d3c0ea76_1584531673?x-expires=1589770800&x-signature=EHyS4DRee7sLYHGXF2JTZBe84Bg%3D","https://p16-musical-va.ibyteimg.com/obj/tos-maliva-p-0068/0a0abfb418bf4778b5480e6a1620f5dc_1584531680?x-expires=1589770800&x-signature=TOKy331AFGQbfRpe8OkHt0xtjpE%3D","https://p16-musical-va.ibyteimg.com/obj/tos-maliva-p-0068/e90fc136de9548d6b1c669ec5b11b1c9_1584531676?x-expires=1589770800&x-signature=NnQ7k7xIYu%2BW%2FLI%2F6ZZj4pMKXYo%3D","https://p16-musical-va.ibyteimg.com/obj/tos-maliva-p-0068/0a0abfb418bf4778b5480e6a1620f5dc_1584531680?x-expires=1589770800&x-signature=TOKy331AFGQbfRpe8OkHt0xtjpE%3D","https://www.tiktok.com/@anthonyreevess/video/6805511682337606917","https://v16.muscdn.com/9e9c475aae4d830f610560942888a7ab/5ec20505/video/tos/useast2a/tos-useast2a-pve-0068/10df70339d4540458e798e1a63230f9f/?a=1233&br=1696&bt=848&cr=0&cs=0&dr=0&ds=3&er=&l=2020051721455801018803216840387153&lr=tiktok_m&qs=0&rc=M3h1aTdveDwzczMzOTczM0ApODdpNzk0NGQ7NzxkaGQ2N2dvZjJlY25mZW1fLS1iMTZzc2BiXzAuYDYvMC1hYTUuLjA6Yw%3D%3D&vl=&vr=","",540,960,15,15,136,12,2480,5,false,"[]","[{""id"":""229207"",""name"":""fyp"",""title"":"""",""cover"":[]},{""id"":""88764338"",""name"":""foryoupage"",""title"":"""",""cover"":[]},{""id"":""23428"",""name"":""tiktok"",""title"":"""",""cover"":[]},{""id"":""1618960611213317"",""name"":""anthony"",""title"":"""",""cover"":[]},{""id"":""74367378"",""name"":""anthonyreeves"",""title"":"""",""cover"":[]},{""id"":""19966665"",""name"":""joshrichards"",""title"":"""",""cover"":[]}]"
"6795950243306310917","#showerhair #fyp #pov #povs #luvanthony #americanboy","1582305471","6762910824015397894","anthonyreevess","call me anfony",101,798,"2942",34,1822,false,false,"ğ‘¦ğ‘œğ‘¢ ğ‘ğ‘Ÿğ‘’ ğ‘™ğ‘œğ‘£ğ‘’ğ‘‘
ğ‘Ÿğ‘œğ‘™ğ‘’ ğ‘ğ‘™ğ‘ğ‘¦ ğ‘ğ‘ğ‘ğ‘œğ‘¢ğ‘›ğ‘¡","https://p16-va-default.akamaized.net/img/musically-maliva-obj/1665748807455750~c5_720x720.jpeg","6795937312015567622","original sound","anthonyreevess",true,"https://p16.muscdn.com/obj/musically-maliva-obj/1659165430036485.mp3","https://p16-musical-va.ibyteimg.com/obj/tos-maliva-p-0068/9a16c341099c4b2d90040550b5cb9d68_1582305476?x-expires=1589770800&x-signature=q2TwELJZcKeU8n658tnpHcD5O0I%3D","https://p16-musical-va.ibyteimg.com/obj/tos-maliva-p-0068/d274dfff0d9543f183ba816b7fb7cbe6_1582305476?x-expires=1589770800&x-signature=QHgf4D0YjCQskcPKnZWcXtwmM58%3D","https://p16-musical-va.ibyteimg.com/obj/tos-maliva-p-0068/674349ee368c4c74b39d7cb394ce9bbd_1582305476?x-expires=1589770800&x-signature=rYfBFiDf0zuMs%2BMwNwRxPBQWE64%3D","https://p16-musical-va.ibyteimg.com/obj/tos-maliva-p-0068/d274dfff0d9543f183ba816b7fb7cbe6_1582305476?x-expires=1589770800&x-signature=QHgf4D0YjCQskcPKnZWcXtwmM58%3D","https://www.tiktok.com/@anthonyreevess/video/6795950243306310917","https://v16.muscdn.com/4fd8c154f01460835a5e8e1579c7ab25/5ec20504/video/tos/useast2a/tos-useast2a-ve-0068c001/06baf5d5de8048f59d7ae8528266d8d9/?a=1233&br=2304&bt=1152&cr=0&cs=0&dr=0&ds=3&er=&l=2020051721455801018803216840387153&lr=tiktok_m&qs=0&rc=ajNqNXc1bmc0czMzNTczM0ApZjk0O2c7aDtpNzY4aTlkaWdyaDRuZDMuLjVfLS1fMTZzczYzNTAxYGMwM18uNC0wMy06Yw%3D%3D&vl=&vr=","",540,960,14,14,123,2,2178,11,false,"[]","[{""id"":""23107"",""name"":""showerhair"",""title"":"""",""cover"":[]},{""id"":""229207"",""name"":""fyp"",""title"":"""",""cover"":[]},{""id"":""180049"",""name"":""pov"",""title"":""Is this what we really look like??? Show us what life looks like when the tables are turned with #POV."",""cover"":[""https://p16-va-default.akamaized.net/obj/musically-maliva-obj/1632487505818629.PNG""]},{""id"":""11991770"",""name"":""povs"",""title"":"""",""cover"":[]},{""id"":""1606370073063429"",""name"":""luvanthony"",""title"":"""",""cover"":[]},{""id"":""27370"",""name"":""americanboy"",""title"":"""",""cover"":[]}]"
"6795932484275047686","#showerhair #fyp #pov #povs #luvanthony #americanboy","1582301336","6762910824015397894","anthonyreevess","call me anfony",101,798,"2942",34,1822,false,false,"ğ‘¦ğ‘œğ‘¢ ğ‘ğ‘Ÿğ‘’ ğ‘™ğ‘œğ‘£ğ‘’ğ‘‘
ğ‘Ÿğ‘œğ‘™ğ‘’ ğ‘ğ‘™ğ‘ğ‘¦ ğ‘ğ‘ğ‘ğ‘œğ‘¢ğ‘›ğ‘¡","https://p16-va-default.akamaized.net/img/musically-maliva-obj/1665748807455750~c5_720x720.jpeg","6795863475655543557","original sound","anthonyreevess",true,"https://p16.muscdn.com/obj/musically-maliva-obj/1659151768895509.mp3","https://p16-musical-va.ibyteimg.com/obj/tos-maliva-p-0068/c791436f82504d4399f0c6b585d0b6d7_1582301341?x-expires=1589770800&x-signature=sacyw0Pvd1HMDqSG4uNK0TsaJlA%3D","https://p16-musical-va.ibyteimg.com/obj/tos-maliva-p-0068/c654d4fc08d24a4ea77b1590e70f5a09_1582301341?x-expires=1589770800&x-signature=lrvJnArALqu9oKGxSRQ4skP4EzM%3D","https://p16-musical-va.ibyteimg.com/obj/tos-maliva-p-0068/aa078f27f3694476aae611d0aacf945c_1582301341?x-expires=1589770800&x-signature=QcOHMRtQ0sb1Sr3fHTmSLXB%2BGhA%3D","https://p16-musical-va.ibyteimg.com/obj/tos-maliva-p-0068/c654d4fc08d24a4ea77b1590e70f5a09_1582301341?x-expires=1589770800&x-signature=lrvJnArALqu9oKGxSRQ4skP4EzM%3D","https://www.tiktok.com/@anthonyreevess/video/6795932484275047686","https://v16.muscdn.com/808f4e6ae6b7b6863541e04aed6b6e45/5ec20504/video/tos/useast2a/tos-useast2a-ve-0068c004/f825c633656746aab5416d0230940fcc/?a=1233&br=1408&bt=704&cr=0&cs=0&dr=0&ds=3&er=&l=2020051721455801018803216840387153&lr=tiktok_m&qs=0&rc=ajk5cnJucnkzczMzNTczM0ApOTo1NmQ0MzwzN2dnOjs4NWc2NV5pMi4uLTVfLS1fMTZzcy02YjItNGNjLzFgYF42LjE6Yw%3D%3D&vl=&vr=","",540,960,14,14,85,4,1452,6,false,"[]","[{""id"":""23107"",""name"":""showerhair"",""title"":"""",""cover"":[]},{""id"":""229207"",""name"":""fyp"",""title"":"""",""cover"":[]},{""id"":""180049"",""name"":""pov"",""title"":""Is this what we really look like??? Show us what life looks like when the tables are turned with #POV."",""cover"":[""https://p16-va-default.akamaized.net/obj/musically-maliva-obj/1632487505818629.PNG""]},{""id"":""11991770"",""name"":""povs"",""title"":"""",""cover"":[]},{""id"":""1606370073063429"",""name"":""luvanthony"",""title"":"""",""cover"":[]},{""id"":""27370"",""name"":""americanboy"",""title"":"""",""cover"":[]}]"
"6795931379021450501","#pov #fyp #povs #luvanthony #foryourpag","1582301079","6762910824015397894","anthonyreevess","call me anfony",101,798,"2942",34,1822,false,false,"ğ‘¦ğ‘œğ‘¢ ğ‘ğ‘Ÿğ‘’ ğ‘™ğ‘œğ‘£ğ‘’ğ‘‘
ğ‘Ÿğ‘œğ‘™ğ‘’ ğ‘ğ‘™ğ‘ğ‘¦ ğ‘ğ‘ğ‘ğ‘œğ‘¢ğ‘›ğ‘¡","https://p16-va-default.akamaized.net/img/musically-maliva-obj/1665748807455750~c5_720x720.jpeg","6795745471211014918","original sound","anthonyreevess",true,"https://p16.muscdn.com/obj/musically-maliva-obj/1659117355348021.mp3","https://p16-musical-va.ibyteimg.com/obj/tos-maliva-p-0068/84b0638b69e14b84a0c330689204ef20_1582301082?x-expires=1589770800&x-signature=8brRXk83dbb8ZbvYYflAyeIJhvA%3D","https://p16-musical-va.ibyteimg.com/obj/tos-maliva-p-0068/e23b12c05b474a149bd65859088951ca_1582301082?x-expires=1589770800&x-signature=%2FpDoMAzFJlL74%2F96nSpYSS3FVfY%3D","https://p16-musical-va.ibyteimg.com/obj/tos-maliva-p-0068/675ca3e5752a410ea330ed968d64b6c6_1582301083?x-expires=1589770800&x-signature=KXOynbewpQrE3BvcET%2F8aZhGoxc%3D","https://p16-musical-va.ibyteimg.com/obj/tos-maliva-p-0068/e23b12c05b474a149bd65859088951ca_1582301082?x-expires=1589770800&x-signature=%2FpDoMAzFJlL74%2F96nSpYSS3FVfY%3D","https://www.tiktok.com/@anthonyreevess/video/6795931379021450501","https://v16.muscdn.com/2236acd0036347b108b3eb73185fd1cd/5ec20501/video/tos/useast2a/tos-useast2a-ve-0068c002/76dbca1617484e02acc3a216bde9effa/?a=1233&br=1850&bt=925&cr=0&cs=0&dr=0&ds=3&er=&l=2020051721455801018803216840387153&lr=tiktok_m&qs=0&rc=anM8M3lnZDV5czMzOjczM0ApOTtmZ2ZpNGU2Nzg1ODU0NWc2MDRzbXBmczRfLS02MTZzczAvNjQtYzIzLzBjLS0uNi86Yw%3D%3D&vl=&vr=","",540,960,11,11,78,6,1371,2,false,"[]","[{""id"":""180049"",""name"":""pov"",""title"":""Is this what we really look like??? Show us what life looks like when the tables are turned with #POV."",""cover"":[""https://p16-va-default.akamaized.net/obj/musically-maliva-obj/1632487505818629.PNG""]},{""id"":""229207"",""name"":""fyp"",""title"":"""",""cover"":[]},{""id"":""11991770"",""name"":""povs"",""title"":"""",""cover"":[]},{""id"":""1606370073063429"",""name"":""luvanthony"",""title"":"""",""cover"":[]},{""id"":""1604206399872006"",""name"":""foryourpag"",""title"":"""",""cover"":[]}]"
"6795931060476677381","#pov #fyp #povs #luvanthony","1582301005","6762910824015397894","anthonyreevess","call me anfony",101,798,"2942",34,1822,false,false,"ğ‘¦ğ‘œğ‘¢ ğ‘ğ‘Ÿğ‘’ ğ‘™ğ‘œğ‘£ğ‘’ğ‘‘
ğ‘Ÿğ‘œğ‘™ğ‘’ ğ‘ğ‘™ğ‘ğ‘¦ ğ‘ğ‘ğ‘ğ‘œğ‘¢ğ‘›ğ‘¡","https://p16-va-default.akamaized.net/img/musically-maliva-obj/1665748807455750~c5_720x720.jpeg","6795876366777715462","original sound","anthonyreevess",true,"https://p16.muscdn.com/obj/musically-maliva-obj/1659155607661589.mp3","https://p16-musical-va.ibyteimg.com/obj/tos-maliva-p-0068/a2a4ed12173f4247b81bce8c9f6c20fc_1582301011?x-expires=1589770800&x-signature=UwFbGdBKs9QLhY0LHtqA5DSTfQI%3D","https://p16-musical-va.ibyteimg.com/obj/tos-maliva-p-0068/24725614dde242aaaae5f04d1658f825_1582301009?x-expires=1589770800&x-signature=PlngKfI9flafT57H6RT84zb7Qn0%3D","https://p16-musical-va.ibyteimg.com/obj/tos-maliva-p-0068/921f63329a1a4eaa9ccf572ee1b17179_1582301008?x-expires=1589770800&x-signature=0XF1%2FrcJVDtwvF8xjvYym0UWSEU%3D","https://p16-musical-va.ibyteimg.com/obj/tos-maliva-p-0068/24725614dde242aaaae5f04d1658f825_1582301009?x-expires=1589770800&x-signature=PlngKfI9flafT57H6RT84zb7Qn0%3D","https://www.tiktok.com/@anthonyreevess/video/6795931060476677381","https://v16.muscdn.com/566ba4cc13d7083d423d65104e0ada12/5ec20504/video/tos/useast2a/tos-useast2a-ve-0068c002/4aa02d796179405593af510fe2035e17/?a=1233&br=1910&bt=955&cr=0&cs=0&dr=0&ds=3&er=&l=2020051721455801018803216840387153&lr=tiktok_m&qs=0&rc=M2R4dGRydmp5czMzNTczM0ApaDVoZjkzODs3NzpkNTplZGdwLl5qYWBzcjRfLS1fMTZzczUzMjI2NTQwMDE0NGAtLy46Yw%3D%3D&vl=&vr=","",540,960,14,14,66,1,959,2,false,"[]","[{""id"":""180049"",""name"":""pov"",""title"":""Is this what we really look like??? Show us what life looks like when the tables are turned with #POV."",""cover"":[""https://p16-va-default.akamaized.net/obj/musically-maliva-obj/1632487505818629.PNG""]},{""id"":""229207"",""name"":""fyp"",""title"":"""",""cover"":[]},{""id"":""11991770"",""name"":""povs"",""title"":"""",""cover"":[]},{""id"":""1606370073063429"",""name"":""luvanthony"",""title"":"""",""cover"":[]}]"
"6795930624860458245","#pov #fyp #povs #luvanthony","1582300903","6762910824015397894","anthonyreevess","call me anfony",101,798,"2942",34,1822,false,false,"ğ‘¦ğ‘œğ‘¢ ğ‘ğ‘Ÿğ‘’ ğ‘™ğ‘œğ‘£ğ‘’ğ‘‘
ğ‘Ÿğ‘œğ‘™ğ‘’ ğ‘ğ‘™ğ‘ğ‘¦ ğ‘ğ‘ğ‘ğ‘œğ‘¢ğ‘›ğ‘¡","https://p16-va-default.akamaized.net/img/musically-maliva-obj/1665748807455750~c5_720x720.jpeg","6795736559976024837","original sound","anthonyreevess",true,"https://p16.muscdn.com/obj/musically-maliva-obj/1659115176278038.mp3","https://p16-musical-va.ibyteimg.com/obj/tos-maliva-p-0068/527135e8562b41138fade9c04173e9bb_1582300909?x-expires=1589770800&x-signature=wRCVolG0LHhV4Qib%2B11rpq4v9g4%3D","https://p16-musical-va.ibyteimg.com/obj/tos-maliva-p-0068/abedfb2a5c194346becb5c6936c57d72_1582300909?x-expires=1589770800&x-signature=g6D%2FrMd8vjCiI4xDN7pq3or5bgE%3D","https://p16-musical-va.ibyteimg.com/obj/tos-maliva-p-0068/5cd84b715a9b438a965ad7530884ba2d_1582300909?x-expires=1589770800&x-signature=pGe0%2BPGqQABXOFCV3Q9pha56zHo%3D","https://p16-musical-va.ibyteimg.com/obj/tos-maliva-p-0068/abedfb2a5c194346becb5c6936c57d72_1582300909?x-expires=1589770800&x-signature=g6D%2FrMd8vjCiI4xDN7pq3or5bgE%3D","https://www.tiktok.com/@anthonyreevess/video/6795930624860458245","https://v16.muscdn.com/d68b14129c52e5499401009d31c0815d/5ec204ff/video/tos/useast2a/tos-useast2a-ve-0068c004/ebee4b98ddd64b418676a926e838c31c/?a=1233&br=1040&bt=520&cr=0&cs=0&dr=0&ds=3&er=&l=2020051721455801018803216840387153&lr=tiktok_m&qs=0&rc=ajo1azttZ2p5czMzOjczM0ApNDg2OmZoPDtkN2U6PDU0Nmczc2JycWotcTRfLS0tMTZzc2MtYWM2M2NhYC8uY2JhYWM6Yw%3D%3D&vl=&vr=","",540,960,9,9,68,5,876,5,false,"[]","[{""id"":""180049"",""name"":""pov"",""title"":""Is this what we really look like??? Show us what life looks like when the tables are turned with #POV."",""cover"":[""https://p16-va-default.akamaized.net/obj/musically-maliva-obj/1632487505818629.PNG""]},{""id"":""229207"",""name"":""fyp"",""title"":"""",""cover"":[]},{""id"":""11991770"",""name"":""povs"",""title"":"""",""cover"":[]},{""id"":""1606370073063429"",""name"":""luvanthony"",""title"":"""",""cover"":[]}]"
"6783687407901461765","My babyğŸ¥º #roleplay #fyp #fup #anthony ROLEPLAY ACCOUNT","1579450307","6762910824015397894","anthonyreevess","call me anfony",101,798,"2942",34,1822,false,false,"ğ‘¦ğ‘œğ‘¢ ğ‘ğ‘Ÿğ‘’ ğ‘™ğ‘œğ‘£ğ‘’ğ‘‘
ğ‘Ÿğ‘œğ‘™ğ‘’ ğ‘ğ‘™ğ‘ğ‘¦ ğ‘ğ‘ğ‘ğ‘œğ‘¢ğ‘›ğ‘¡","https://p16-va-default.akamaized.net/img/musically-maliva-obj/1665748807455750~c5_720x720.jpeg","6783678808584342277","original sound","anthonyreevess",true,"https://p16.muscdn.com/obj/musically-maliva-obj/1656172473916470.mp3","https://p16-musical-va.ibyteimg.com/obj/tos-maliva-p-0068/ba4987434f2f4f0dbe9efb25ff03edd6_1579450312?x-expires=1589770800&x-signature=cVNSJwKiEjjpjuwliu06wOE6y%2Bo%3D","https://p16-musical-va.ibyteimg.com/obj/tos-maliva-p-0068/1d9fae21ccc64c06a599ef5861a5c37b_1579450312?x-expires=1589770800&x-signature=ffyeqEoeykNqbRO3zrI2hzMdVYU%3D","https://p16-musical-va.ibyteimg.com/obj/tos-maliva-p-0068/8087323f8ab74aeb84f49f6e9a5072a5_1579450312?x-expires=1589770800&x-signature=3H4y6IW9kRBPlWIw8QnsRV1uGOk%3D","https://p16-musical-va.ibyteimg.com/obj/tos-maliva-p-0068/1d9fae21ccc64c06a599ef5861a5c37b_1579450312?x-expires=1589770800&x-signature=ffyeqEoeykNqbRO3zrI2hzMdVYU%3D","https://www.tiktok.com/@anthonyreevess/video/6783687407901461765","https://v16.muscdn.com/89196b67a2b7a6f96b1b5a03565b6929/5ec204ff/video/tos/useast2a/tos-useast2a-ve-0068/37b99251695343449087f35545c00297/?a=1233&br=1372&bt=686&cr=0&cs=0&dr=0&ds=3&er=&l=2020051721455801018803216840387153&lr=tiktok_m&qs=0&rc=anZrOzs0eWU6cjMzNzczM0ApODtlNGc1Z2Q0NzM3aGY0ZWc0MnBeNnIvc2ZfLS1eMTZzczBhMDJjYS5gYWMtYTMyMS06Yw%3D%3D&vl=&vr=","",540,784,9,9,97,2,1116,2,false,"[]","[{""id"":""69542"",""name"":""roleplay"",""title"":"""",""cover"":[]},{""id"":""229207"",""name"":""fyp"",""title"":"""",""cover"":[]},{""id"":""34736"",""name"":""fup"",""title"":"""",""cover"":[]},{""id"":""1618960611213317"",""name"":""anthony"",""title"":"""",""cover"":[]}]"
"6780039254908210438","ship it or not?ğŸ¥º #avani #avanii #anthony #reeves #fup #rp","1578600908","6762910824015397894","anthonyreevess","call me anfony",101,798,"2942",34,1822,false,false,"ğ‘¦ğ‘œğ‘¢ ğ‘ğ‘Ÿğ‘’ ğ‘™ğ‘œğ‘£ğ‘’ğ‘‘
ğ‘Ÿğ‘œğ‘™ğ‘’ ğ‘ğ‘™ğ‘ğ‘¦ ğ‘ğ‘ğ‘ğ‘œğ‘¢ğ‘›ğ‘¡","https://p16-va-default.akamaized.net/img/musically-maliva-obj/1665748807455750~c5_720x720.jpeg","6780011291852425990","original sound","anthonyreevess",true,"https://p16.muscdn.com/obj/musically-maliva-obj/1655279293214773.mp3","https://p16-musical-va.ibyteimg.com/obj/tos-maliva-p-0068/e6390770615b465d862346e92f505737_1578600912?x-expires=1589770800&x-signature=5AcHSLMEQipSOszPgfb5gv1zOlg%3D","https://p16-musical-va.ibyteimg.com/obj/tos-maliva-p-0068/13506b248a2c417c8f6b55deb8c4fc1e_1578600913?x-expires=1589770800&x-signature=zUjcR2E%2Ftxqf4d3y6XfbQc%2BvQPY%3D","https://p16-musical-va.ibyteimg.com/obj/tos-maliva-p-0068/08341607e43f4284b7430c6098d81593_1578600913?x-expires=1589770800&x-signature=WxYnaNkDJTjbaINeaR2hRKl7e8o%3D","https://p16-musical-va.ibyteimg.com/obj/tos-maliva-p-0068/13506b248a2c417c8f6b55deb8c4fc1e_1578600913?x-expires=1589770800&x-signature=zUjcR2E%2Ftxqf4d3y6XfbQc%2BvQPY%3D","https://www.tiktok.com/@anthonyreevess/video/6780039254908210438","https://v16.muscdn.com/cbe33d5ccf67c9acc43fcf473ee17927/5ec20504/video/tos/useast2a/tos-useast2a-ve-0068/1717702116df4e0794435ab6832c98f6/?a=1233&br=1246&bt=623&cr=0&cs=0&dr=0&ds=3&er=&l=2020051721455801018803216840387153&lr=tiktok_m&qs=0&rc=ajZsNGw0O2VycjMzaDczM0ApZ2U7OjlnZWU0NzxmPDdoOmdxZ2RxMXBiZ19fLS00MTZzczNgYjYvNjEwMzRfYGM2YS06Yw%3D%3D&vl=&vr=","",540,774,14,14,94,2,1033,9,false,"[]","[{""id"":""329267"",""name"":""avani"",""title"":"""",""cover"":[]},{""id"":""1608870827484165"",""name"":""avanii"",""title"":"""",""cover"":[]},{""id"":""1618960611213317"",""name"":""anthony"",""title"":"""",""cover"":[]},{""id"":""4194569"",""name"":""reeves"",""title"":"""",""cover"":[]},{""id"":""34736"",""name"":""fup"",""title"":"""",""cover"":[]},{""id"":""24055"",""name"":""rp"",""title"":"""",""cover"":[]}]"
"6780038905589714181","Sheâ€™s a cutieğŸ¥ºğŸ¥º #avani #avanii #anthony #reeves #fup #rp","1578600826","6762910824015397894","anthonyreevess","call me anfony",101,798,"2942",34,1822,false,false,"ğ‘¦ğ‘œğ‘¢ ğ‘ğ‘Ÿğ‘’ ğ‘™ğ‘œğ‘£ğ‘’ğ‘‘
ğ‘Ÿğ‘œğ‘™ğ‘’ ğ‘ğ‘™ğ‘ğ‘¦ ğ‘ğ‘ğ‘ğ‘œğ‘¢ğ‘›ğ‘¡","https://p16-va-default.akamaized.net/img/musically-maliva-obj/1665748807455750~c5_720x720.jpeg","6780027814478400262","original sound","anthonyreevess",true,"https://p16.muscdn.com/obj/musically-maliva-obj/1655280043488294.mp3","https://p16-musical-va.ibyteimg.com/obj/tos-maliva-p-0068/dff7c4652a4d43d582d894d837f6b8ba_1578600830?x-expires=1589770800&x-signature=HWGbHdcEoPGrzECvwFZRO59V7Js%3D","https://p16-musical-va.ibyteimg.com/obj/tos-maliva-p-0068/6d14337e76d8448e8525c3b8da89bafd_1578600832?x-expires=1589770800&x-signature=JjTgdF14G%2BrZmE1Jt5OeENRFEKA%3D","https://p16-musical-va.ibyteimg.com/obj/tos-maliva-p-0068/9b55d0ec187b4ecfada316b96c236386_1578600831?x-expires=1589770800&x-signature=%2B6k7gt06GLRQgwCwQ71MCg%2Bq364%3D","https://p16-musical-va.ibyteimg.com/obj/tos-maliva-p-0068/6d14337e76d8448e8525c3b8da89bafd_1578600832?x-expires=1589770800&x-signature=JjTgdF14G%2BrZmE1Jt5OeENRFEKA%3D","https://www.tiktok.com/@anthonyreevess/video/6780038905589714181","https://v16.muscdn.com/bc06fe1074e6c7448ac57e9cdf5773e9/5ec204ff/video/tos/useast2a/tos-useast2a-ve-0068/0c40227c3da946a5b4855393db0ff736/?a=1233&br=1004&bt=502&cr=0&cs=0&dr=0&ds=3&er=&l=2020051721455801018803216840387153&lr=tiktok_m&qs=0&rc=M2VpaTNmeXZycjMzNTczM0ApOWRnM2hlNmUzNzg3ODM0NGdqX2ZpLjQxZl9fLS0wMTZzczNfNDZjNi0xNmBfNDZeMTI6Yw%3D%3D&vl=&vr=","",540,786,9,9,114,4,1358,1,false,"[]","[{""id"":""329267"",""name"":""avani"",""title"":"""",""cover"":[]},{""id"":""1608870827484165"",""name"":""avanii"",""title"":"""",""cover"":[]},{""id"":""1618960611213317"",""name"":""anthony"",""title"":"""",""cover"":[]},{""id"":""4194569"",""name"":""reeves"",""title"":"""",""cover"":[]},{""id"":""34736"",""name"":""fup"",""title"":"""",""cover"":[]},{""id"":""24055"",""name"":""rp"",""title"":"""",""cover"":[]}]"
"6780037653086719238","if u see this ur mineğŸ¥º #fup #rp","1578600535","6762910824015397894","anthonyreevess","call me anfony",101,798,"2942",34,1822,false,false,"ğ‘¦ğ‘œğ‘¢ ğ‘ğ‘Ÿğ‘’ ğ‘™ğ‘œğ‘£ğ‘’ğ‘‘
ğ‘Ÿğ‘œğ‘™ğ‘’ ğ‘ğ‘™ğ‘ğ‘¦ ğ‘ğ‘ğ‘ğ‘œğ‘¢ğ‘›ğ‘¡","https://p16-va-default.akamaized.net/img/musically-maliva-obj/1665748807455750~c5_720x720.jpeg","6780018463554505478","original sound","anthonyreevess",true,"https://p16.muscdn.com/obj/musically-maliva-obj/1655280031199237.mp3","https://p16-musical-va.ibyteimg.com/obj/tos-maliva-p-0068/d9a7178860954230a49e4f8b43031ae7_1578600538?x-expires=1589770800&x-signature=4AzSCIdVpeSJEDv7WY0Uz3gudWQ%3D","https://p16-musical-va.ibyteimg.com/obj/tos-maliva-p-0068/ef63eca99cb641fd86b655e5c5c7be0b_1578600538?x-expires=1589770800&x-signature=7MOCO43xxEpTlY9VFSvuoJClan0%3D","https://p16-musical-va.ibyteimg.com/obj/tos-maliva-p-0068/559002bae00f45f1bec1ff81aacdcd49_1578600539?x-expires=1589770800&x-signature=lsW5LiTVOumy1QLYQUesgx7YGJk%3D","https://p16-musical-va.ibyteimg.com/obj/tos-maliva-p-0068/ef63eca99cb641fd86b655e5c5c7be0b_1578600538?x-expires=1589770800&x-signature=7MOCO43xxEpTlY9VFSvuoJClan0%3D","https://www.tiktok.com/@anthonyreevess/video/6780037653086719238","https://v16.muscdn.com/8dca19d5ce5a859be21b60c8e6276677/5ec20504/video/tos/useast2a/tos-useast2a-ve-0068/2373809fd11b4284b20bf4e0f5312fe3/?a=1233&br=966&bt=483&cr=0&cs=0&dr=0&ds=3&er=&l=2020051721455801018803216840387153&lr=tiktok_m&qs=0&rc=MzZrZ2dkdm1ycjMzaTczM0ApO2gzZDc6Zzw2NzQzNzk7ZGctZC4wcmVpZF9fLS1fMTZzc2A2M15hLjVhNWE1MTIvNjY6Yw%3D%3D&vl=&vr=","",540,786,14,14,84,1,719,3,false,"[]","[{""id"":""34736"",""name"":""fup"",""title"":"""",""cover"":[]},{""id"":""24055"",""name"":""rp"",""title"":"""",""cover"":[]}]"
"6779700142443482374","new roomğŸ˜ğŸ”¥ #fup #fyp","1578521954","6762910824015397894","anthonyreevess","call me anfony",101,798,"2942",34,1822,false,false,"ğ‘¦ğ‘œğ‘¢ ğ‘ğ‘Ÿğ‘’ ğ‘™ğ‘œğ‘£ğ‘’ğ‘‘
ğ‘Ÿğ‘œğ‘™ğ‘’ ğ‘ğ‘™ğ‘ğ‘¦ ğ‘ğ‘ğ‘ğ‘œğ‘¢ğ‘›ğ‘¡","https://p16-va-default.akamaized.net/img/musically-maliva-obj/1665748807455750~c5_720x720.jpeg","6779673690230622981","original sound","anthonyreevess",true,"https://p16.muscdn.com/obj/musically-maliva-obj/1655194117747718.mp3","https://p16-musical-va.ibyteimg.com/obj/tos-maliva-p-0068/b79d3054d9104d30b94e8c4a84fcc00f_1578521958?x-expires=1589770800&x-signature=3SHeJtvDblX8Ew0wPuS90cIS6h0%3D","https://p16-musical-va.ibyteimg.com/obj/tos-maliva-p-0068/d498cff84ac541d89c9ffb9ea93f610b_1578521958?x-expires=1589770800&x-signature=mIjBxP2%2BDN7dVWDLdpfx9J%2Fes3s%3D","https://p16-musical-va.ibyteimg.com/obj/tos-maliva-p-0068/88f3d5d5d4154b9d94ec5b45abf0c92a_1578521958?x-expires=1589770800&x-signature=f5lrwK4jwpz1S5XKZMLqROqJfOM%3D","https://p16-musical-va.ibyteimg.com/obj/tos-maliva-p-0068/d498cff84ac541d89c9ffb9ea93f610b_1578521958?x-expires=1589770800&x-signature=mIjBxP2%2BDN7dVWDLdpfx9J%2Fes3s%3D","https://www.tiktok.com/@anthonyreevess/video/6779700142443482374","https://v16.muscdn.com/3f34f954021cf19b8bdb780fa809a171/5ec20505/video/tos/useast2a/tos-useast2a-ve-0068/f0eee907f9674e239c90384dc635cf9e/?a=1233&br=1146&bt=573&cr=0&cs=0&dr=0&ds=3&er=&l=2020051721455801018803216840387153&lr=tiktok_m&qs=0&rc=anVoNmR3ZnA4cjMzPDczM0ApOjM3ZzM3N2RmNzQ0NmZpaWdrYHJrYTRxXl9fLS0xMTZzczZhXzVhM2ItLzJiM18vXzI6Yw%3D%3D&vl=&vr=","",540,744,15,15,69,0,554,0,false,"[]","[{""id"":""34736"",""name"":""fup"",""title"":"""",""cover"":[]},{""id"":""229207"",""name"":""fyp"",""title"":"""",""cover"":[]}]"
"6779699070324706566","#fup #fyp","1578521703","6762910824015397894","anthonyreevess","call me anfony",101,798,"2942",34,1822,false,false,"ğ‘¦ğ‘œğ‘¢ ğ‘ğ‘Ÿğ‘’ ğ‘™ğ‘œğ‘£ğ‘’ğ‘‘
ğ‘Ÿğ‘œğ‘™ğ‘’ ğ‘ğ‘™ğ‘ğ‘¦ ğ‘ğ‘ğ‘ğ‘œğ‘¢ğ‘›ğ‘¡","https://p16-va-default.akamaized.net/img/musically-maliva-obj/1665748807455750~c5_720x720.jpeg","6779663893045332741","original sound","anthonyreevess",true,"https://p16.muscdn.com/obj/musically-maliva-obj/1655191246667798.mp3","https://p16-musical-va.ibyteimg.com/obj/tos-maliva-p-0068/64f06bf54cb548debb201260c5289901_1578521707?x-expires=1589770800&x-signature=OWoWng43tBIzSkoj8gZEJT%2FuagY%3D","https://p16-musical-va.ibyteimg.com/obj/tos-maliva-p-0068/8ae366f767814951ba9b4b838c3ff91e_1578521707?x-expires=1589770800&x-signature=NlhSaWsBPUzVU0OveCzMDgiEQpc%3D","https://p16-musical-va.ibyteimg.com/obj/tos-maliva-p-0068/f7af75bfe560449d9d685260b8dbfc71_1578521707?x-expires=1589770800&x-signature=ZuwjRwc2yOmzO%2FrZ6o1JZC6gPGg%3D","https://p16-musical-va.ibyteimg.com/obj/tos-maliva-p-0068/8ae366f767814951ba9b4b838c3ff91e_1578521707?x-expires=1589770800&x-signature=NlhSaWsBPUzVU0OveCzMDgiEQpc%3D","https://www.tiktok.com/@anthonyreevess/video/6779699070324706566","https://v16.muscdn.com/e6acc175fa031eb4948101881c9057f2/5ec204fe/video/tos/useast2a/tos-useast2a-ve-0068c003/6ee97b4ce15545e8bd51f7978d703699/?a=1233&br=1450&bt=725&cr=0&cs=0&dr=0&ds=3&er=&l=2020051721455801018803216840387153&lr=tiktok_m&qs=0&rc=MzZ3ZXhuOXI4cjMzPDczM0ApPDg1NTRoNTs0N2c7OzNpOWdrZl9vZGs2NV9fLS1jMTZzcy4yLWI0Li9fNmIuLWAuM146Yw%3D%3D&vl=&vr=","",540,762,8,8,68,0,565,0,false,"[]","[{""id"":""34736"",""name"":""fup"",""title"":"""",""cover"":[]},{""id"":""229207"",""name"":""fyp"",""title"":"""",""cover"":[]}]"
"6779697962894232837","grrr #fup #fyp","1578521446","6762910824015397894","anthonyreevess","call me anfony",101,798,"2942",34,1822,false,false,"ğ‘¦ğ‘œğ‘¢ ğ‘ğ‘Ÿğ‘’ ğ‘™ğ‘œğ‘£ğ‘’ğ‘‘
ğ‘Ÿğ‘œğ‘™ğ‘’ ğ‘ğ‘™ğ‘ğ‘¦ ğ‘ğ‘ğ‘ğ‘œğ‘¢ğ‘›ğ‘¡","https://p16-va-default.akamaized.net/img/musically-maliva-obj/1665748807455750~c5_720x720.jpeg","6779680646710496006","original sound","anthonyreevess",true,"https://p16.muscdn.com/obj/musically-maliva-obj/1655197265067013.mp3","https://p16-musical-va.ibyteimg.com/obj/tos-maliva-p-0068/8731bb624f554102a6843315bde169f9_1578521455?x-expires=1589770800&x-signature=Rs5ksOS0z1ppN8fmqMAPLSKaa7Y%3D","https://p16-musical-va.ibyteimg.com/obj/tos-maliva-p-0068/0452903b65a34ca5bdc651f2c7760eba_1578521450?x-expires=1589770800&x-signature=pY%2FfRCXtCGSaS7rQNDPrHB66I1g%3D","https://p16-musical-va.ibyteimg.com/obj/tos-maliva-p-0068/911ed161f7324dc4b4ee9da3c50062e6_1578521453?x-expires=1589770800&x-signature=9ULaXbWsL7wN8rim8FWFOm89wAc%3D","https://p16-musical-va.ibyteimg.com/obj/tos-maliva-p-0068/0452903b65a34ca5bdc651f2c7760eba_1578521450?x-expires=1589770800&x-signature=pY%2FfRCXtCGSaS7rQNDPrHB66I1g%3D","https://www.tiktok.com/@anthonyreevess/video/6779697962894232837","https://v16.muscdn.com/fcf04c292bc217313247c671ebd22a02/5ec204ff/video/tos/useast2a/tos-useast2a-ve-0068/f84b8c0c77bc4fce8d9fa80d5a8ef4f7/?a=1233&br=2336&bt=1168&cr=0&cs=0&dr=0&ds=3&er=&l=2020051721455801018803216840387153&lr=tiktok_m&qs=0&rc=and0NHdwdnI4cjMzZTczM0ApZmU4OTlpZTw2NzhkPGhlaWczZ2Jwbmo0M19fLS0tMTZzczFhYWJeXjE2Nl4vNmAwMy06Yw%3D%3D&vl=&vr=","",540,770,9,9,72,2,535,3,false,"[]","[{""id"":""34736"",""name"":""fup"",""title"":"""",""cover"":[]},{""id"":""229207"",""name"":""fyp"",""title"":"""",""cover"":[]}]"
"6773782141844065541","Itâ€™s been a year #fyp #foryĞ¾u","1577144059","6762910824015397894","anthonyreevess","call me anfony",101,798,"2942",34,1822,false,false,"ğ‘¦ğ‘œğ‘¢ ğ‘ğ‘Ÿğ‘’ ğ‘™ğ‘œğ‘£ğ‘’ğ‘‘
ğ‘Ÿğ‘œğ‘™ğ‘’ ğ‘ğ‘™ğ‘ğ‘¦ ğ‘ğ‘ğ‘ğ‘œğ‘¢ğ‘›ğ‘¡","https://p16-va-default.akamaized.net/img/musically-maliva-obj/1665748807455750~c5_720x720.jpeg","6773775092141787910","original sound","anthonyreevess",true,"https://p16.muscdn.com/obj/musically-maliva-obj/1653753994736678.mp3","https://p16-musical-va.ibyteimg.com/obj/tos-maliva-p-0068/e6da07018dd848c384d3cfbf29fa4bae_1577144065?x-expires=1589770800&x-signature=cxYI5gTSBapAdnX%2Bn4aL66KZvGc%3D","https://p16-musical-va.ibyteimg.com/obj/tos-maliva-p-0068/df088950f97143739fda4ab366bd92f0_1577144064?x-expires=1589770800&x-signature=qV48ZwmSTaSD7enGOCAEQXc7Rgc%3D","https://p16-musical-va.ibyteimg.com/obj/tos-maliva-p-0068/0c1f1fd2204a4d7dbb4c34c083426875_1577144063?x-expires=1589770800&x-signature=T18sNXMm0VXYJF0MVBGSDWbU7gE%3D","https://p16-musical-va.ibyteimg.com/obj/tos-maliva-p-0068/df088950f97143739fda4ab366bd92f0_1577144064?x-expires=1589770800&x-signature=qV48ZwmSTaSD7enGOCAEQXc7Rgc%3D","https://www.tiktok.com/@anthonyreevess/video/6773782141844065541","https://v16.muscdn.com/ee69d2111dab189d18867954a8de3d60/5ec20504/video/tos/useast2a/tos-useast2a-ve-0068/6bd5989ac5a2482c80aba47020ab855b/?a=1233&br=590&bt=295&cr=0&cs=0&dr=0&ds=3&er=&l=2020051721455801018803216840387153&lr=tiktok_m&qs=0&rc=anZ0NnA3c3ZucjMzOTczM0ApOmk6ZGRnaDw6NzpmPDg8ZmdmcGpjYWVicS1fLS02MTZzcy1jLV4zXzMvLTIxMS5iMTY6Yw%3D%3D&vl=&vr=","",540,742,14,14,101,4,894,13,false,"[]","[{""id"":""229207"",""name"":""fyp"",""title"":"""",""cover"":[]},{""id"":""80287593"",""name"":""foryĞ¾u"",""title"":"""",""cover"":[]}]"
"6769257629958016261","Big Red Nose #fyp #red","1576090613","6762910824015397894","anthonyreevess","call me anfony",101,798,"2942",34,1822,false,false,"ğ‘¦ğ‘œğ‘¢ ğ‘ğ‘Ÿğ‘’ ğ‘™ğ‘œğ‘£ğ‘’ğ‘‘
ğ‘Ÿğ‘œğ‘™ğ‘’ ğ‘ğ‘™ğ‘ğ‘¦ ğ‘ğ‘ğ‘ğ‘œğ‘¢ğ‘›ğ‘¡","https://p16-va-default.akamaized.net/img/musically-maliva-obj/1665748807455750~c5_720x720.jpeg","6769253781369654021","original sound","anthonyreevess",true,"https://p16.muscdn.com/obj/musically-maliva-obj/1652650135786549.mp3","https://p16-musical-va.ibyteimg.com/obj/tos-maliva-p-0068/fb1fc69ab290495fb46ba280cdbf494a_1576090618?x-expires=1589770800&x-signature=45uNtR0xvJxQe3vpBb1UnIB5JNE%3D","https://p16-musical-va.ibyteimg.com/obj/tos-maliva-p-0068/26d6f919502b4ae381909c60101c1ba8_1576090626?x-expires=1589770800&x-signature=oR%2FLPPVlaO5Jz%2FbwcgkPdXRWQ%2FQ%3D","https://p16-musical-va.ibyteimg.com/obj/tos-maliva-p-0068/278b5fc705274ac590f042409ef66fb4_1576090626?x-expires=1589770800&x-signature=wI6IxupFHzAMZ63nAkXLECX1wus%3D","https://p16-musical-va.ibyteimg.com/obj/tos-maliva-p-0068/26d6f919502b4ae381909c60101c1ba8_1576090626?x-expires=1589770800&x-signature=oR%2FLPPVlaO5Jz%2FbwcgkPdXRWQ%2FQ%3D","https://www.tiktok.com/@anthonyreevess/video/6769257629958016261","https://v16.muscdn.com/965afd3e7ce24bc63f192414eb25ae80/5ec20500/video/tos/useast2a/tos-useast2a-ve-0068/99afcb3799564bb48c5e23a735542848/?a=1233&br=2474&bt=1237&cr=0&cs=0&dr=0&ds=3&er=&l=2020051721455801018803216840387153&lr=tiktok_m&qs=0&rc=MzllNnE7dXZtcTMzNjczM0ApN2lpMzg1PDxnNzQ6ZjtlM2dsNV8tNDIwa2xfLS02MTZzc14zMi02LzEzNDY2YWFgNmM6Yw%3D%3D&vl=&vr=","",540,790,10,10,84,2,633,9,false,"[]","[{""id"":""229207"",""name"":""fyp"",""title"":"""",""cover"":[]},{""id"":""4074"",""name"":""red"",""title"":"""",""cover"":[]}]"
"6769257040285011206","@imgriffinjohnson #fyp #virval #dancing","1576090476","6762910824015397894","anthonyreevess","call me anfony",101,798,"2942",34,1822,false,false,"ğ‘¦ğ‘œğ‘¢ ğ‘ğ‘Ÿğ‘’ ğ‘™ğ‘œğ‘£ğ‘’ğ‘‘
ğ‘Ÿğ‘œğ‘™ğ‘’ ğ‘ğ‘™ğ‘ğ‘¦ ğ‘ğ‘ğ‘ğ‘œğ‘¢ğ‘›ğ‘¡","https://p16-va-default.akamaized.net/img/musically-maliva-obj/1665748807455750~c5_720x720.jpeg","6768545174327921414","original sound","anthonyreevess",true,"https://p16.muscdn.com/obj/musically-maliva-obj/1652476480721973.mp3","https://p16-musical-va.ibyteimg.com/obj/tos-maliva-p-0068/2a99f316f2bd4516adae7316f0132772_1576090483?x-expires=1589770800&x-signature=SqfCqAX1T6Pu%2BP9HcGUbflvNsWA%3D","https://p16-musical-va.ibyteimg.com/obj/tos-maliva-p-0068/130910a6a6d0465c810fe51013585c34_1576090483?x-expires=1589770800&x-signature=PjJBVvVc1kf10bl8dY3wG6vuxMQ%3D","https://p16-musical-va.ibyteimg.com/obj/tos-maliva-p-0068/2a2fad069f264ef2953ed9158dd4baec_1576090484?x-expires=1589770800&x-signature=HdCEuIuiHd9HIusW2OLyxkI0f74%3D","https://p16-musical-va.ibyteimg.com/obj/tos-maliva-p-0068/130910a6a6d0465c810fe51013585c34_1576090483?x-expires=1589770800&x-signature=PjJBVvVc1kf10bl8dY3wG6vuxMQ%3D","https://www.tiktok.com/@anthonyreevess/video/6769257040285011206","https://v16.muscdn.com/dba78863abf2f2e0c5c65168b86025f5/5ec20504/video/tos/useast2a/tos-useast2a-ve-0068/3ca0d3148c8f4067b2c9f755662a378d/?a=1233&br=1468&bt=734&cr=0&cs=0&dr=0&ds=3&er=&l=2020051721455801018803216840387153&lr=tiktok_m&qs=0&rc=M3MzZHMzc3FtcTMzZDczM0ApPDYzNjQ1OGRmN2doZzg3NGcuZzM2LWdzamxfLS0zMTZzczA0NC9jLmBfMC5iXjMuLmA6Yw%3D%3D&vl=&vr=","",540,954,14,14,94,2,804,8,false,"[""@imgriffinjohnson""]","[{""id"":""229207"",""name"":""fyp"",""title"":"""",""cover"":[]},{""id"":""70071739"",""name"":""virval"",""title"":"""",""cover"":[]},{""id"":""5867"",""name"":""dancing"",""title"":"""",""cover"":[]}]"
"6768122835530550534","#fyp #virval","1575826398","6762910824015397894","anthonyreevess","call me anfony",101,798,"2942",34,1822,false,false,"ğ‘¦ğ‘œğ‘¢ ğ‘ğ‘Ÿğ‘’ ğ‘™ğ‘œğ‘£ğ‘’ğ‘‘
ğ‘Ÿğ‘œğ‘™ğ‘’ ğ‘ğ‘™ğ‘ğ‘¦ ğ‘ğ‘ğ‘ğ‘œğ‘¢ğ‘›ğ‘¡","https://p16-va-default.akamaized.net/img/musically-maliva-obj/1665748807455750~c5_720x720.jpeg","6768120178023713542","original sound","anthonyreevess",true,"https://p16.muscdn.com/obj/musically-maliva-obj/1652373250693174.mp3","https://p16-musical-va.ibyteimg.com/obj/tos-maliva-p-0068/40e3cda716c144598946f311e28d4942_1575826409?x-expires=1589770800&x-signature=zQJ%2Fo%2BWQSecnrmt7QoYuBM7P1wY%3D","https://p16-musical-va.ibyteimg.com/obj/tos-maliva-p-0068/4978590d46d648e4891bd7e7d61fad08_1575826406?x-expires=1589770800&x-signature=YCgLY9hXVrrLP81sc0FI6gMBse8%3D","https://p16-musical-va.ibyteimg.com/obj/tos-maliva-p-0068/e8a59bc7e3fe48809fced4608a179e74_1575826408?x-expires=1589770800&x-signature=lYa3yvyp3hLojIEXyu%2FVpA0EQew%3D","https://p16-musical-va.ibyteimg.com/obj/tos-maliva-p-0068/4978590d46d648e4891bd7e7d61fad08_1575826406?x-expires=1589770800&x-signature=YCgLY9hXVrrLP81sc0FI6gMBse8%3D","https://www.tiktok.com/@anthonyreevess/video/6768122835530550534","https://v16.muscdn.com/bf49b85c461a1fe203179b1c616a195b/5ec20501/video/tos/useast2a/tos-useast2a-v-0068/3dff63c685c345c29fca9262b7f85902/?a=1233&br=1118&bt=559&cr=0&cs=0&dr=0&ds=3&er=&l=2020051721455801018803216840387153&lr=tiktok_m&qs=0&rc=amxmaXZ1bXBtcTMzOjczM0ApZmVnNGc7NWVoNzY4OTg2O2dfbm1obG5eNGpfLS0uMTZzcy8vYDJeNDVfNi5jY19jYzI6Yw%3D%3D&vl=&vr=","",540,774,11,11,91,4,541,2,false,"[]","[{""id"":""229207"",""name"":""fyp"",""title"":"""",""cover"":[]},{""id"":""70071739"",""name"":""virval"",""title"":"""",""cover"":[]}]"
"6768122686888578309","#fyp #foruyou #virval","1575826364","6762910824015397894","anthonyreevess","call me anfony",101,798,"2942",34,1822,false,false,"ğ‘¦ğ‘œğ‘¢ ğ‘ğ‘Ÿğ‘’ ğ‘™ğ‘œğ‘£ğ‘’ğ‘‘
ğ‘Ÿğ‘œğ‘™ğ‘’ ğ‘ğ‘™ğ‘ğ‘¦ ğ‘ğ‘ğ‘ğ‘œğ‘¢ğ‘›ğ‘¡","https://p16-va-default.akamaized.net/img/musically-maliva-obj/1665748807455750~c5_720x720.jpeg","6768075217865575174","original sound","anthonyreevess",true,"https://p16.muscdn.com/obj/musically-maliva-obj/1652367600889861.mp3","https://p16-musical-va.ibyteimg.com/obj/tos-maliva-p-0068/1a8119a81586407ea40b58814691d9d8_1575826369?x-expires=1589770800&x-signature=hELs7k92XJJ5ycAUrVfjJhvMcj0%3D","https://p16-musical-va.ibyteimg.com/obj/tos-maliva-p-0068/51e643ef515442838e28e9671edc3ba9_1575826372?x-expires=1589770800&x-signature=80gdIHo4MAhCvL6ipKskq2HjnOQ%3D","https://p16-musical-va.ibyteimg.com/obj/tos-maliva-p-0068/e819f878e3e24db88df85429f9418ee9_1575826386?x-expires=1589770800&x-signature=sFvkXpmB31WqloDzyhcJAbREUAk%3D","https://p16-musical-va.ibyteimg.com/obj/tos-maliva-p-0068/51e643ef515442838e28e9671edc3ba9_1575826372?x-expires=1589770800&x-signature=80gdIHo4MAhCvL6ipKskq2HjnOQ%3D","https://www.tiktok.com/@anthonyreevess/video/6768122686888578309","https://v16.muscdn.com/57ddbe0e9bf9b9e7f61ca22c5efff39c/5ec204fc/video/tos/useast2a/tos-useast2a-v-0068/4d6818481feb49e59a590b53e8426861/?a=1233&br=1614&bt=807&cr=0&cs=0&dr=0&ds=3&er=&l=2020051721455801018803216840387153&lr=tiktok_m&qs=0&rc=anBycG87dWdtcTMzNTczM0ApZ2U4ZWQ4NWU7NzVnMzg6PGdocy9nNDJnNGpfLS01MTZzczVgMWAyX2NeLTYwMjAwNDM6Yw%3D%3D&vl=&vr=","",540,796,6,6,72,2,438,3,false,"[]","[{""id"":""229207"",""name"":""fyp"",""title"":"""",""cover"":[]},{""id"":""4982299"",""name"":""foruyou"",""title"":"""",""cover"":[]},{""id"":""70071739"",""name"":""virval"",""title"":"""",""cover"":[]}]"
"6766628898995195141","HeheğŸ¥µ #foryourpage #foruyou #foyou #fÃ»ckboy #lmao","1575478565","6762910824015397894","anthonyreevess","call me anfony",101,798,"2942",34,1822,false,false,"ğ‘¦ğ‘œğ‘¢ ğ‘ğ‘Ÿğ‘’ ğ‘™ğ‘œğ‘£ğ‘’ğ‘‘
ğ‘Ÿğ‘œğ‘™ğ‘’ ğ‘ğ‘™ğ‘ğ‘¦ ğ‘ğ‘ğ‘ğ‘œğ‘¢ğ‘›ğ‘¡","https://p16-va-default.akamaized.net/img/musically-maliva-obj/1665748807455750~c5_720x720.jpeg","6766596491944446726","original sound","anthonyreevess",true,"https://p16.muscdn.com/obj/musically-maliva-obj/1652006230469637.mp3","https://p16-musical-va.ibyteimg.com/obj/tos-maliva-p-0068/8b13e6f234c84867ad0e9ab6e264904e_1575478570?x-expires=1589770800&x-signature=d89xa6vyd%2FoWDtycnl8gPhrMUOw%3D","https://p16-musical-va.ibyteimg.com/obj/tos-maliva-p-0068/3d537c13d331422a864fecaf794a7184_1575478575?x-expires=1589770800&x-signature=dBS%2Fr8TMHGFA2BiWxX6B6tYn4so%3D","https://p16-musical-va.ibyteimg.com/obj/tos-maliva-p-0068/615a5383e1f04d868a1791ad69f8609d_1575478572?x-expires=1589770800&x-signature=yOcqN6GiNOoxtu15s%2BMKwk3IyyI%3D","https://p16-musical-va.ibyteimg.com/obj/tos-maliva-p-0068/3d537c13d331422a864fecaf794a7184_1575478575?x-expires=1589770800&x-signature=dBS%2Fr8TMHGFA2BiWxX6B6tYn4so%3D","https://www.tiktok.com/@anthonyreevess/video/6766628898995195141","https://v16.muscdn.com/df7507747b0b3dbb4a14765444ddb9c6/5ec20501/video/tos/useast2a/tos-useast2a-ve-0068/cb9c11ed520148e38bace2d9cf9f8ffa/?a=1233&br=1116&bt=558&cr=0&cs=0&dr=0&ds=3&er=&l=2020051721455801018803216840387153&lr=tiktok_m&qs=0&rc=am5yMzx2Zzl4cTMzMzczM0ApOzU0NWZpN2U2N2Q1ZmkzZWctZmFuYmRjXmdfLS0uMTZzczQ2MGM1YGMvMDJgYTQ0YDE6Yw%3D%3D&vl=&vr=","",540,768,11,11,85,1,467,9,false,"[]","[{""id"":""1598498371111942"",""name"":""foryourpage"",""title"":"""",""cover"":[]},{""id"":""4982299"",""name"":""foruyou"",""title"":"""",""cover"":[]},{""id"":""1122730"",""name"":""foyou"",""title"":"""",""cover"":[]},{""id"":""85760828"",""name"":""fÃ»ckboy"",""title"":"""",""cover"":[]},{""id"":""5356"",""name"":""lmao"",""title"":"""",""cover"":[]}]"
"6766147224104652038","#foryourpage #foruyou #foyou #4u #first #firsttry #crazy #dontflop","1575366420","6762910824015397894","anthonyreevess","call me anfony",101,798,"2942",34,1822,false,false,"ğ‘¦ğ‘œğ‘¢ ğ‘ğ‘Ÿğ‘’ ğ‘™ğ‘œğ‘£ğ‘’ğ‘‘
ğ‘Ÿğ‘œğ‘™ğ‘’ ğ‘ğ‘™ğ‘ğ‘¦ ğ‘ğ‘ğ‘ğ‘œğ‘¢ğ‘›ğ‘¡","https://p16-va-default.akamaized.net/img/musically-maliva-obj/1665748807455750~c5_720x720.jpeg","6766059147474569990","original sound","anthonyreevess",true,"https://p16.muscdn.com/obj/musically-maliva-obj/1651869307904054.mp3","https://p16-musical-va.ibyteimg.com/obj/tos-maliva-p-0068/218190024019443293cc92c06ef2f468_1575366425?x-expires=1589770800&x-signature=OUwkUUgyq0pnsHM%2BSJmTxqt6%2BPI%3D","https://p16-musical-va.ibyteimg.com/obj/tos-maliva-p-0068/2f8172688fd2494bbad9f329a53e9ecc_1575366425?x-expires=1589770800&x-signature=ayf%2Fv4y88LyHw%2Bn2q%2BX%2FgySvFv0%3D","https://p16-musical-va.ibyteimg.com/obj/tos-maliva-p-0068/75a46e37be4849a7a6d8c61cbc120d7a_1575366425?x-expires=1589770800&x-signature=nYKZAIlEPAKjhj6SWm5jG93s4Ew%3D","https://p16-musical-va.ibyteimg.com/obj/tos-maliva-p-0068/2f8172688fd2494bbad9f329a53e9ecc_1575366425?x-expires=1589770800&x-signature=ayf%2Fv4y88LyHw%2Bn2q%2BX%2FgySvFv0%3D","https://www.tiktok.com/@anthonyreevess/video/6766147224104652038","https://v16.muscdn.com/ab2c3d97f63c507b8fa52b6e19db67fd/5ec20500/video/tos/useast2a/tos-useast2a-ve-0068/4e16202d8b194334becce7bc36f988d9/?a=1233&br=1330&bt=665&cr=0&cs=0&dr=0&ds=3&er=&l=2020051721455801018803216840387153&lr=tiktok_m&qs=0&rc=ajV4dnJtcTc1cTMzaDczM0ApNDw3NjQ2PDw0NzM3NDw6aGcuMGhhcF4xcmdfLS1iMTZzcy5gMTI0Ml82MC00YmAzYS06Yw%3D%3D&vl=&vr=","",540,790,10,10,95,3,500,7,false,"[]","[{""id"":""1598498371111942"",""name"":""foryourpage"",""title"":"""",""cover"":[]},{""id"":""4982299"",""name"":""foruyou"",""title"":"""",""cover"":[]},{""id"":""1122730"",""name"":""foyou"",""title"":"""",""cover"":[]},{""id"":""43268"",""name"":""4u"",""title"":"""",""cover"":[]},{""id"":""7299"",""name"":""first"",""title"":"""",""cover"":[]},{""id"":""18549"",""name"":""firsttry"",""title"":"""",""cover"":[]},{""id"":""5451"",""name"":""crazy"",""title"":"""",""cover"":[]},{""id"":""5207105"",""name"":""dontflop"",""title"":"""",""cover"":[]}]"
"6764800250067651846","Always funny #foruyou #foryourpage #foyou #4u #funny","1575052799","6762910824015397894","anthonyreevess","call me anfony",101,798,"2942",34,1822,false,false,"ğ‘¦ğ‘œğ‘¢ ğ‘ğ‘Ÿğ‘’ ğ‘™ğ‘œğ‘£ğ‘’ğ‘‘
ğ‘Ÿğ‘œğ‘™ğ‘’ ğ‘ğ‘™ğ‘ğ‘¦ ğ‘ğ‘ğ‘ğ‘œğ‘¢ğ‘›ğ‘¡","https://p16-va-default.akamaized.net/img/musically-maliva-obj/1665748807455750~c5_720x720.jpeg","6764788593740221190","original sound","anthonyreevess",true,"https://p16.muscdn.com/obj/musically-maliva-obj/1651561750607894.mp3","https://p16-musical-va.ibyteimg.com/obj/tos-maliva-p-0068/f778932aaea44ec68ceee500fc1ed2b7_1575052805?x-expires=1589770800&x-signature=7jvAOQPhJ7wLp2h%2B%2FYC1MDzfDgs%3D","https://p16-musical-va.ibyteimg.com/obj/tos-maliva-p-0068/21298bb18db34402b40b39d89fbb0e11_1575052805?x-expires=1589770800&x-signature=zAoOtzb%2FUVQespQTL%2FzmItF1syY%3D","https://p16-musical-va.ibyteimg.com/obj/tos-maliva-p-0068/933efeb40bde47ca97f6abf7bcf35b56_1575052805?x-expires=1589770800&x-signature=49Kgzdyzu0koVq8bkGEEIsyShIk%3D","https://p16-musical-va.ibyteimg.com/obj/tos-maliva-p-0068/21298bb18db34402b40b39d89fbb0e11_1575052805?x-expires=1589770800&x-signature=zAoOtzb%2FUVQespQTL%2FzmItF1syY%3D","https://www.tiktok.com/@anthonyreevess/video/6764800250067651846","https://v16.muscdn.com/b45d34c6dce06b7898220e008eaa5485/5ec20503/video/tos/useast2a/tos-useast2a-ve-0068/9ae5765f8d9643569d73bf519aaa171c/?a=1233&br=1398&bt=699&cr=0&cs=0&dr=0&ds=3&er=&l=2020051721455801018803216840387153&lr=tiktok_m&qs=0&rc=M3Y7OnQzc3ZwcTMzNjczM0ApN2hpNzc0NmQzNzk6aTtoaWc1ZW9rLWdzX2RfLS0yMTZzczBiNGIxMS0yLS4xYC8uMTE6Yw%3D%3D&vl=&vr=","",540,784,13,13,98,1,472,8,false,"[]","[{""id"":""4982299"",""name"":""foruyou"",""title"":"""",""cover"":[]},{""id"":""1598498371111942"",""name"":""foryourpage"",""title"":"""",""cover"":[]},{""id"":""1122730"",""name"":""foyou"",""title"":"""",""cover"":[]},{""id"":""43268"",""name"":""4u"",""title"":"""",""cover"":[]},{""id"":""5424"",""name"":""funny"",""title"":"""",""cover"":[]}]"
"6764799780376874245","Shut up ğŸ¥º #foruyou #foryourpage #foyou #4u #shutup","1575052689","6762910824015397894","anthonyreevess","call me anfony",101,798,"2942",34,1822,false,false,"ğ‘¦ğ‘œğ‘¢ ğ‘ğ‘Ÿğ‘’ ğ‘™ğ‘œğ‘£ğ‘’ğ‘‘
ğ‘Ÿğ‘œğ‘™ğ‘’ ğ‘ğ‘™ğ‘ğ‘¦ ğ‘ğ‘ğ‘ğ‘œğ‘¢ğ‘›ğ‘¡","https://p16-va-default.akamaized.net/img/musically-maliva-obj/1665748807455750~c5_720x720.jpeg","6764789946810141445","original sound","anthonyreevess",true,"https://p16.muscdn.com/obj/musically-maliva-obj/1651561924304901.mp3","https://p16-musical-va.ibyteimg.com/obj/tos-maliva-p-0068/100f0bcbb26d469e97b26490db00d4c9_1575052700?x-expires=1589770800&x-signature=IeJNsugDRxZa23CUf%2FHrfpw7yk4%3D","https://p16-musical-va.ibyteimg.com/obj/tos-maliva-p-0068/c83d3bb722e94d13a7d279da4c4ce7d9_1575052712?x-expires=1589770800&x-signature=X9QY1wBN9IkEYLt2%2BxO%2Fg0uUKl4%3D","https://p16-musical-va.ibyteimg.com/obj/tos-maliva-p-0068/9fd369e8fbac474992aff4a5a29cf84f_1575052698?x-expires=1589770800&x-signature=5Fl64BGLi8l68jih%2BZV58FTIgoM%3D","https://p16-musical-va.ibyteimg.com/obj/tos-maliva-p-0068/c83d3bb722e94d13a7d279da4c4ce7d9_1575052712?x-expires=1589770800&x-signature=X9QY1wBN9IkEYLt2%2BxO%2Fg0uUKl4%3D","https://www.tiktok.com/@anthonyreevess/video/6764799780376874245","https://v16.muscdn.com/bb27858066f9b047cc2dfe2370481c07/5ec20503/video/tos/useast2a/tos-useast2a-ve-0068/761570bd823143d2a9ea562ed16396ae/?a=1233&br=1694&bt=847&cr=0&cs=0&dr=0&ds=3&er=&l=2020051721455801018803216840387153&lr=tiktok_m&qs=0&rc=anE6NTU0eTRwcTMzODczM0ApNzs5ZjhlMzw2Nzw7NWVnO2dpMjNnNnJeX2RfLS02MTZzc2IyYS8xXy1gMzBiM140LS06Yw%3D%3D&vl=&vr=","",540,776,13,13,99,2,526,8,false,"[]","[{""id"":""4982299"",""name"":""foruyou"",""title"":"""",""cover"":[]},{""id"":""1598498371111942"",""name"":""foryourpage"",""title"":"""",""cover"":[]},{""id"":""1122730"",""name"":""foyou"",""title"":"""",""cover"":[]},{""id"":""43268"",""name"":""4u"",""title"":"""",""cover"":[]},{""id"":""14188"",""name"":""shutup"",""title"":"""",""cover"":[]}]"
"6764799413698252037","ğŸ˜ #foruyou #foryourpage #foyou #4u #foryoupag","1575052604","6762910824015397894","anthonyreevess","call me anfony",101,798,"2942",34,1822,false,false,"ğ‘¦ğ‘œğ‘¢ ğ‘ğ‘Ÿğ‘’ ğ‘™ğ‘œğ‘£ğ‘’ğ‘‘
ğ‘Ÿğ‘œğ‘™ğ‘’ ğ‘ğ‘™ğ‘ğ‘¦ ğ‘ğ‘ğ‘ğ‘œğ‘¢ğ‘›ğ‘¡","https://p16-va-default.akamaized.net/img/musically-maliva-obj/1665748807455750~c5_720x720.jpeg","6764717869881150214","original sound","anthonyreevess",true,"https://p16.muscdn.com/obj/musically-maliva-obj/1651560899361798.mp3","https://p16-musical-va.ibyteimg.com/obj/tos-maliva-p-0068/dc2a5dc44a9943d6a0d6211734de3a6e_1575052613?x-expires=1589770800&x-signature=H%2BDFWEmSwI5I7OSwMQxVUFkG9S8%3D","https://p16-musical-va.ibyteimg.com/obj/tos-maliva-p-0068/5e0e9aed9b7148258c710bef8defce4e_1575052612?x-expires=1589770800&x-signature=8AdZpiLANPR7dd0AlFlbl1InRrE%3D","https://p16-musical-va.ibyteimg.com/obj/tos-maliva-p-0068/06a16275ecf7491f8942605975885a7d_1575052614?x-expires=1589770800&x-signature=QI%2FEQ4r940EwByfIXedEv5%2F9VNU%3D","https://p16-musical-va.ibyteimg.com/obj/tos-maliva-p-0068/5e0e9aed9b7148258c710bef8defce4e_1575052612?x-expires=1589770800&x-signature=8AdZpiLANPR7dd0AlFlbl1InRrE%3D","https://www.tiktok.com/@anthonyreevess/video/6764799413698252037","https://v16.muscdn.com/b740a4d544391c76a6d11b650102c53e/5ec20501/video/tos/useast2a/tos-useast2a-ve-0068/37ff29b40ba04bf5a576650ff3c66726/?a=1233&br=1852&bt=926&cr=0&cs=0&dr=0&ds=3&er=&l=2020051721455801018803216840387153&lr=tiktok_m&qs=0&rc=amY7OnQzc2ZwcTMzNjczM0ApNWVnNDw5OTtlN2c1NDlnOGc2Ym9rLWdjXmRfLS0yMTZzc181YS4uXl9eNmIwLl82L2A6Yw%3D%3D&vl=&vr=","",540,782,11,11,93,2,533,1,false,"[]","[{""id"":""4982299"",""name"":""foruyou"",""title"":"""",""cover"":[]},{""id"":""1598498371111942"",""name"":""foryourpage"",""title"":"""",""cover"":[]},{""id"":""1122730"",""name"":""foyou"",""title"":"""",""cover"":[]},{""id"":""43268"",""name"":""4u"",""title"":"""",""cover"":[]},{""id"":""1599011224611846"",""name"":""foryoupag"",""title"":"""",""cover"":[]}]"
"6764799133652897029","Shower timeğŸ¥° #foruyou #foryourpage #foyou #4u #foryoupag #tall","1575052539","6762910824015397894","anthonyreevess","call me anfony",101,798,"2942",34,1822,false,false,"ğ‘¦ğ‘œğ‘¢ ğ‘ğ‘Ÿğ‘’ ğ‘™ğ‘œğ‘£ğ‘’ğ‘‘
ğ‘Ÿğ‘œğ‘™ğ‘’ ğ‘ğ‘™ğ‘ğ‘¦ ğ‘ğ‘ğ‘ğ‘œğ‘¢ğ‘›ğ‘¡","https://p16-va-default.akamaized.net/img/musically-maliva-obj/1665748807455750~c5_720x720.jpeg","6764335665653009157","original sound","anthonyreevess",true,"https://p16.muscdn.com/obj/musically-maliva-obj/1651561764343813.mp3","https://p16-musical-va.ibyteimg.com/obj/tos-maliva-p-0068/1d2b69c825ce459d8516d5a90cd0b329_1575052545?x-expires=1589770800&x-signature=wM5kggghNXEHSKS6VRdAIigh8B8%3D","https://p16-musical-va.ibyteimg.com/obj/tos-maliva-p-0068/abeee35046f54befb6d6fed32bc9d517_1575052545?x-expires=1589770800&x-signature=7XLwW50wWHVGhvM5cDHZ89sPO8k%3D","https://p16-musical-va.ibyteimg.com/obj/tos-maliva-p-0068/1d4dc0c40a2d4b11b138753b358f5e52_1575052547?x-expires=1589770800&x-signature=My5lY5DX3UX5GGDFcpNxOWYNbEg%3D","https://p16-musical-va.ibyteimg.com/obj/tos-maliva-p-0068/abeee35046f54befb6d6fed32bc9d517_1575052545?x-expires=1589770800&x-signature=7XLwW50wWHVGhvM5cDHZ89sPO8k%3D","https://www.tiktok.com/@anthonyreevess/video/6764799133652897029","https://v16.muscdn.com/ea7c0769ee289c0fc1617f7a06998883/5ec20505/video/tos/useast2a/tos-useast2a-ve-0068/a44b08796680403fb93e6ec4e4765805/?a=1233&br=1368&bt=684&cr=0&cs=0&dr=0&ds=3&er=&l=202005172145590101880322231A6AB58E&lr=tiktok_m&qs=0&rc=MzM0b3JtcTtwcTMzPDczM0ApNjxnNDZnOmU0NzUzNTU5PGcubGUycF5oNmRfLS1gMTZzc2NiLTReM2MtLTE0MTI2MzE6Yw%3D%3D&vl=&vr=","",540,774,14,14,86,3,505,0,false,"[]","[{""id"":""4982299"",""name"":""foruyou"",""title"":"""",""cover"":[]},{""id"":""1598498371111942"",""name"":""foryourpage"",""title"":"""",""cover"":[]},{""id"":""1122730"",""name"":""foyou"",""title"":"""",""cover"":[]},{""id"":""43268"",""name"":""4u"",""title"":"""",""cover"":[]},{""id"":""1599011224611846"",""name"":""foryoupag"",""title"":"""",""cover"":[]},{""id"":""111510"",""name"":""tall"",""title"":"""",""cover"":[]}]"
"6763661698348911877","I can be ur manğŸ‘€ğŸ¥º #foruyou #foryourpage #foyou #4u #foryoupag #dontflop #joshrichardzz #griffinjohnson","1574787709","6762910824015397894","anthonyreevess","call me anfony",101,798,"2942",34,1822,false,false,"ğ‘¦ğ‘œğ‘¢ ğ‘ğ‘Ÿğ‘’ ğ‘™ğ‘œğ‘£ğ‘’ğ‘‘
ğ‘Ÿğ‘œğ‘™ğ‘’ ğ‘ğ‘™ğ‘ğ‘¦ ğ‘ğ‘ğ‘ğ‘œğ‘¢ğ‘›ğ‘¡","https://p16-va-default.akamaized.net/img/musically-maliva-obj/1665748807455750~c5_720x720.jpeg","6763304278296627974","original sound","anthonyreevess",true,"https://p16.muscdn.com/obj/musically-maliva-obj/1651232072836133.mp3","https://p16-musical-va.ibyteimg.com/obj/tos-maliva-p-0068/bef1c78188c642f3ba8b0ad98a493686_1574787715?x-expires=1589770800&x-signature=J1XDfxk0VLkNo4sNHm3103Gw7Wc%3D","https://p16-musical-va.ibyteimg.com/obj/tos-maliva-p-0068/5457b2fc352f4d7783bc38d8df7e02ac_1574787732?x-expires=1589770800&x-signature=m43twY3QPFh1zSdRXlKsQA9xaX0%3D","https://p16-musical-va.ibyteimg.com/obj/tos-maliva-p-0068/7ab9b72c345440519fa481f3e4ea5f87_1574787736?x-expires=1589770800&x-signature=gd8mdNTl4gyOBEe0h4XfIsdnaws%3D","https://p16-musical-va.ibyteimg.com/obj/tos-maliva-p-0068/5457b2fc352f4d7783bc38d8df7e02ac_1574787732?x-expires=1589770800&x-signature=m43twY3QPFh1zSdRXlKsQA9xaX0%3D","https://www.tiktok.com/@anthonyreevess/video/6763661698348911877","https://v16.muscdn.com/9d17670b65e175ffadf0540a8130bbda/5ec20506/video/tos/useast2a/tos-useast2a-ve-0068/b24d3836cf3b40b2ba4a1b63efa53eec/?a=1233&br=2454&bt=1227&cr=0&cs=0&dr=0&ds=3&er=&l=202005172145590101880322231A6AB58E&lr=tiktok_m&qs=0&rc=M2YzPDRvZ3ZvcTMzMzczM0ApZjU6aTpkNzs6Nzo3ZjlpO2dqZy4wcGdfaGJfLS0uMTZzczBiL2IvYWMzLi1fMDBjNjA6Yw%3D%3D&vl=&vr=","",540,798,15,15,104,2,601,21,false,"[]","[{""id"":""4982299"",""name"":""foruyou"",""title"":"""",""cover"":[]},{""id"":""1598498371111942"",""name"":""foryourpage"",""title"":"""",""cover"":[]},{""id"":""1122730"",""name"":""foyou"",""title"":"""",""cover"":[]},{""id"":""43268"",""name"":""4u"",""title"":"""",""cover"":[]},{""id"":""1599011224611846"",""name"":""foryoupag"",""title"":"""",""cover"":[]},{""id"":""5207105"",""name"":""dontflop"",""title"":"""",""cover"":[]},{""id"":""58243726"",""name"":""joshrichardzz"",""title"":"""",""cover"":[]},{""id"":""1630216810539029"",""name"":""griffinjohnson"",""title"":"""",""cover"":[]}]"
"6762930259957517573","U scared me @bryce.hall ğŸ˜‚ğŸ˜‚ğŸ˜‚ğŸ’ #foruyou #foryourpage #foryoupag #foyou #4u #dontflop #brycehall","1574617408","6762910824015397894","anthonyreevess","call me anfony",101,798,"2942",34,1822,false,false,"ğ‘¦ğ‘œğ‘¢ ğ‘ğ‘Ÿğ‘’ ğ‘™ğ‘œğ‘£ğ‘’ğ‘‘
ğ‘Ÿğ‘œğ‘™ğ‘’ ğ‘ğ‘™ğ‘ğ‘¦ ğ‘ğ‘ğ‘ğ‘œğ‘¢ğ‘›ğ‘¡","https://p16-va-default.akamaized.net/img/musically-maliva-obj/1665748807455750~c5_720x720.jpeg","6762134972670266117","original sound","anthonyreevess",true,"https://p16.muscdn.com/obj/musically-maliva-obj/1650991969356837.mp3","https://p16-musical-va.ibyteimg.com/obj/tos-maliva-p-0068/722f6e7b477b45f594b8ffbf8c02a72c_1574617414?x-expires=1589770800&x-signature=hnhcNRSFkGEal3HQOknOzqKDOAk%3D","https://p16-musical-va.ibyteimg.com/obj/tos-maliva-p-0068/c62eac26e3554793894d5cc870ad2f97_1574617414?x-expires=1589770800&x-signature=lZfkJaN25YBcSzTDSEixv483G34%3D","https://p16-musical-va.ibyteimg.com/obj/tos-maliva-p-0068/7d8060fe06a241dca719040034c174e1_1574617414?x-expires=1589770800&x-signature=CEm2y0iRtmLNXJGw4z%2BqDKpY4i0%3D","https://p16-musical-va.ibyteimg.com/obj/tos-maliva-p-0068/c62eac26e3554793894d5cc870ad2f97_1574617414?x-expires=1589770800&x-signature=lZfkJaN25YBcSzTDSEixv483G34%3D","https://www.tiktok.com/@anthonyreevess/video/6762930259957517573","https://v16.muscdn.com/3a264719a8e624aeede1b0b7898700a2/5ec20503/video/tos/useast2a/tos-useast2a-ve-0068/5b66c008a1c64c0995ee817073016976/?a=1233&br=1746&bt=873&cr=0&cs=0&dr=0&ds=3&er=&l=202005172145590101880322231A6AB58E&lr=tiktok_m&qs=0&rc=M2xrcGU0eWhmcTMzOTczM0ApOjk7Z2g2ZTtpNzo0OTRlOWdjbnE0NnIvL2FfLS00MTZzc18wXzQ1NjAxL182MzRjMmE6Yw%3D%3D&vl=&vr=","",540,770,12,12,131,6,1295,18,false,"[""@bryce""]","[{""id"":""4982299"",""name"":""foruyou"",""title"":"""",""cover"":[]},{""id"":""1598498371111942"",""name"":""foryourpage"",""title"":"""",""cover"":[]},{""id"":""1599011224611846"",""name"":""foryoupag"",""title"":"""",""cover"":[]},{""id"":""1122730"",""name"":""foyou"",""title"":"""",""cover"":[]},{""id"":""43268"",""name"":""4u"",""title"":"""",""cover"":[]},{""id"":""5207105"",""name"":""dontflop"",""title"":"""",""cover"":[]},{""id"":""301749"",""name"":""brycehall"",""title"":"""",""cover"":[]}]"
"6762927928813604101","#foruyou #foryourpage #foryoupag #foyou #4u #dontflop #joshrichardzz","1574616865","6762910824015397894","anthonyreevess","call me anfony",101,798,"2942",34,1822,false,false,"ğ‘¦ğ‘œğ‘¢ ğ‘ğ‘Ÿğ‘’ ğ‘™ğ‘œğ‘£ğ‘’ğ‘‘
ğ‘Ÿğ‘œğ‘™ğ‘’ ğ‘ğ‘™ğ‘ğ‘¦ ğ‘ğ‘ğ‘ğ‘œğ‘¢ğ‘›ğ‘¡","https://p16-va-default.akamaized.net/img/musically-maliva-obj/1665748807455750~c5_720x720.jpeg","6762552030272801541","original sound","anthonyreevess",true,"https://p16.muscdn.com/obj/musically-maliva-obj/1651070191121446.mp3","https://p16-musical-va.ibyteimg.com/obj/tos-maliva-p-0068/3b1b8204873f44079962d9c4ee87b961_1574616883?x-expires=1589770800&x-signature=ru2MftV4fnev9EJD8drbHYwuH4E%3D","https://p16-musical-va.ibyteimg.com/obj/tos-maliva-p-0068/072709ea81a84e54aea17872069383b9_1574616872?x-expires=1589770800&x-signature=JfMXiT43Yr9kovxNff4qWzJduy0%3D","https://p16-musical-va.ibyteimg.com/obj/tos-maliva-p-0068/03454b4aa06f4166a791fdc51601d5f0_1574616878?x-expires=1589770800&x-signature=e57LFYVn1ViJsp%2FjKqR%2BUt1Xob8%3D","https://p16-musical-va.ibyteimg.com/obj/tos-maliva-p-0068/072709ea81a84e54aea17872069383b9_1574616872?x-expires=1589770800&x-signature=JfMXiT43Yr9kovxNff4qWzJduy0%3D","https://www.tiktok.com/@anthonyreevess/video/6762927928813604101","https://v16.muscdn.com/cf85ccd660ede432abe6172f50335407/5ec20505/video/tos/useast2a/tos-useast2a-ve-0068/347c1a31567f43a6bdb925b7314ce931/?a=1233&br=2628&bt=1314&cr=0&cs=0&dr=0&ds=3&er=&l=202005172145590101880322231A6AB58E&lr=tiktok_m&qs=0&rc=anZtN3I6dDllcTMzZDczM0ApNWc4aTg5aDxkNzs6ZTs1OmdmLV8yaV5xcmFfLS1hMTZzc2IwXzQyLzQwYS41X2MyMTA6Yw%3D%3D&vl=&vr=","",540,772,14,14,128,2,1264,11,false,"[]","[{""id"":""4982299"",""name"":""foruyou"",""title"":"""",""cover"":[]},{""id"":""1598498371111942"",""name"":""foryourpage"",""title"":"""",""cover"":[]},{""id"":""1599011224611846"",""name"":""foryoupag"",""title"":"""",""cover"":[]},{""id"":""1122730"",""name"":""foyou"",""title"":"""",""cover"":[]},{""id"":""43268"",""name"":""4u"",""title"":"""",""cover"":[]},{""id"":""5207105"",""name"":""dontflop"",""title"":"""",""cover"":[]},{""id"":""58243726"",""name"":""joshrichardzz"",""title"":"""",""cover"":[]}]"